Number Route;Description Route;Comment Route BO;Comment Route E;Number Estate;Description Estate;Comment Estate BO;Comment Estate E;Number Entrance;Description Entrance;Comment Entrance BO;Comment Entrance E;Number Building Unit;Description Building Unit;Comment Building Unit BO;Comment Building Unit E;Number Meter;Number Customer;Unit Number;Unit Description;Comment Meter BO;Comment Meter E;Medium Code;Telegram Type;AES Key;Status Byte;RSSI Value;Billing Date;Billing Value;Billing Unit;Actual Date;Actual Time;Actual Energy / HCA;Actual Unit;Actual Volume;Actual Unit Volume;Actual Value 3;Actual Unit 3;Hint Code;Hint Code Description;Billing Date Device;Billing Value Device;Billing Unit Device;Monthly Date 1;Monthly Value 1;Monthly Unit 1;Monthly Date 2;Monthly Value 2;Monthly Unit 2;Monthly Date 3;Monthly Value 3;Monthly Unit 3;Monthly Date 4;Monthly Value 4;Monthly Unit 4;Monthly Date 5;Monthly Value 5;Monthly Unit 5;Monthly Date 6;Monthly Value 6;Monthly Unit 6;Monthly Date 7;Monthly Value 7;Monthly Unit 7;Monthly Date 8;Monthly Value 8;Monthly Unit 8;Monthly Date 9;Monthly Value 9;Monthly Unit 9;Monthly Date 10;Monthly Value 10;Monthly Unit 10;Monthly Date 11;Monthly Value 11;Monthly Unit 11;Monthly Date 12;Monthly Value 12;Monthly Unit 12;Monthly Date 13;Monthly Value 13;Monthly Unit 13;Monthly Date 14;Monthly Value 14;Monthly Unit 14;Monthly Date 15;Monthly Value 15;Monthly Unit 15;Half Monthly Date 1;Half Monthly Value 1;Half Monthly Unit 1;Half Monthly Date 2;Half Monthly Value 2;Half Monthly Unit 2;Half Monthly Date 3;Half Monthly Value 3;Half Monthly Unit 3;Half Monthly Date 4;Half Monthly Value 4;Half Monthly Unit 4;Half Monthly Date 5;Half Monthly Value 5;Half Monthly Unit 5;Half Monthly Date 6;Half Monthly Value 6;Half Monthly Unit 6;Half Monthly Date 7;Half Monthly Value 7;Half Monthly Unit 7;Half Monthly Date 8;Half Monthly Value 8;Half Monthly Unit 8;Half Monthly Date 9;Half Monthly Value 9;Half Monthly Unit 9;Half Monthly Date 10;Half Monthly Value 10;Half Monthly Unit 10;Half Monthly Date 11;Half Monthly Value 11;Half Monthly Unit 11;Half Monthly Date 12;Half Monthly Value 12;Half Monthly Unit 12;Half Monthly Date 13;Half Monthly Value 13;Half Monthly Unit 13;Half Monthly Date 14;Half Monthly Value 14;Half Monthly Unit 14;Half Monthly Date 15;Half Monthly Value 15;Half Monthly Unit 15;Device Type;Radio Type;Version;Telegram Length;DFS Type;Number Telegram;Raw Data;Raw Date
100;Unbekannte Route;;;100;unknown estate;;;100;unknown EINGANG;;;100;Unbekannte Nutzeinheit;;;53157161;;;;;;0x04;EFE;0x;0x01;;31.12.2024;0,000;MWh;27.08.2025;09:00 Winterzeit gültiges Datum (Typ F/I/J);0,000;MWh;0,002;m³;;;0;;;;MWh Energie;31.07.2025;0,000;MWh Energie;30.06.2025;0,000;MWh Energie;31.05.2025;0,000;MWh Energie;30.04.2025;0,000;MWh Energie;31.03.2025;0,000;MWh Energie;28.02.2025;0,000;MWh Energie;31.01.2025;0,000;MWh Energie;31.12.2024;0,000;MWh Energie;30.11.2024;0,000;MWh Energie;31.10.2024;0,000;MWh Energie;30.09.2024;0,000;MWh Energie;31.08.2024;0,000;MWh Energie;31.07.2024;0,000;MWh Energie;30.06.2024;0,000;MWh Energie;31.05.2024;0,000;MWh Energie;;;;;;;;;;;;;;;;;;;;;;;;;;;;;;;;;;;;;;;;;;;;;;WMZ Rücklauf;1;0;Long;mechanical;1;A944C5146171155300047AD900902526AF14EE52A21DC2F79568117803BCC6E31EA04F32FF4B7DCDAE0A24197F2737EC24052D90FB0FE76D01FAB01258B415A0F2715158BFE61A287F5A20C51C7A37C8118E80EE32DE7F3185AFE3D05C6C118B5728AEA76F4C41D7DC8EB6D961B7E2E159AF4521AE1038B2D5751F576D846486A2F317DC590500E74E887FC6354DE1AD8B287A060A92D65E90E274EC86083F03FD0C05010002FD0B0111;27-08-2025
100;Unbekannte Route;;;100;unknown estate;;;100;unknown EINGANG;;;100;Unbekannte Nutzeinheit;;;53157160;;;;;;0x04;EFE;0x;0x01;;31.12.2024;0,000;MWh;27.08.2025;08:59 Winterzeit gültiges Datum (Typ F/I/J);0,000;MWh;0,001;m³;;;0;;;;MWh Energie;31.07.2025;0,000;MWh Energie;30.06.2025;0,000;MWh Energie;31.05.2025;0,000;MWh Energie;30.04.2025;0,000;MWh Energie;31.03.2025;0,000;MWh Energie;28.02.2025;0,000;MWh Energie;31.01.2025;0,000;MWh Energie;31.12.2024;0,000;MWh Energie;30.11.2024;0,000;MWh Energie;31.10.2024;0,000;MWh Energie;30.09.2024;0,000;MWh Energie;31.08.2024;0,000;MWh Energie;31.07.2024;0,000;MWh Energie;30.06.2024;0,000;MWh Energie;31.05.2024;0,000;MWh Energie;;;;;;;;;;;;;;;;;;;;;;;;;;;;;;;;;;;;;;;;;;;;;;WMZ Rücklauf;1;0;Long;mechanical;1;A944C5146071155300047A9000902511F632688AFE60DB8362A1E4776543BABF05660CB75E38A92239809A8E0A3BD0A2AD8A5ABF3078DD7FAD914BF4E5C162CB47FF51FDE4FE547134BABAA13A689FE5CBA4345CC864A71765C5B334030FC9C87DEE52ACB5641DE324C9B2EA6FF20F36866EF4CB8276B5B05B021419B59A13422A49C1784BDEEB69D4341FF6D8C2D07E8089D132920A8327A57D0F17D15C8E03FD0C05010002FD0B0111;27-08-2025
100;Unbekannte Route;;;100;unknown estate;;;100;unknown EINGANG;;;100;Unbekannte Nutzeinheit;;;53157162;;;;;;0x04;EFE;0x;0x01;;31.12.2024;0,000;MWh;27.08.2025;08:59 Winterzeit gültiges Datum (Typ F/I/J);0,001;MWh;0,294;m³;;;0;;;;MWh Energie;31.07.2025;0,000;MWh Energie;30.06.2025;0,000;MWh Energie;31.05.2025;0,000;MWh Energie;30.04.2025;0,000;MWh Energie;31.03.2025;0,000;MWh Energie;28.02.2025;0,000;MWh Energie;31.01.2025;0,000;MWh Energie;31.12.2024;0,000;MWh Energie;30.11.2024;0,000;MWh Energie;31.10.2024;0,000;MWh Energie;30.09.2024;0,000;MWh Energie;31.08.2024;0,000;MWh Energie;31.07.2024;0,000;MWh Energie;30.06.2024;0,000;MWh Energie;31.05.2024;0,000;MWh Energie;;;;;;;;;;;;;;;;;;;;;;;;;;;;;;;;;;;;;;;;;;;;;;WMZ Rücklauf;1;0;Long;mechanical;1;A944C5146271155300047A930090254621C3A4C8C49E816061B91171800DF29C9D1342FA16EA579F3D7B943340F67A616436AE012B229AB141B7AD8946B7DBF0DDE190C75C342401DAD057FE87FA5CD48A88174AF30CE97E04315C4F8BA8E5F8B1159A5F44A49D324C22DD853611FE607864F0DE6178F30774BBAD7DD63D1C1ACFEC2A86B17F3566C560F6B0861C5F7579340CBFAE4CD70B7A09463403063703FD0C05010002FD0B0111;27-08-2025
100;Unbekannte Route;;;100;unknown estate;;;100;unknown EINGANG;;;100;Unbekannte Nutzeinheit;;;52353975;;;;;;0x04;EFE;0x;0x01;;31.12.2024;0,000;MWh;27.08.2025;09:00 Winterzeit gültiges Datum (Typ F/I/J);0,000;MWh;0,001;m³;;;0;;;;MWh Energie;31.07.2025;0,000;MWh Energie;30.06.2025;0,000;MWh Energie;31.05.2025;0,000;MWh Energie;30.04.2025;0,000;MWh Energie;31.03.2025;0,000;MWh Energie;28.02.2025;0,000;MWh Energie;31.01.2025;0,000;MWh Energie;31.12.2024;0,000;MWh Energie;30.11.2024;0,000;MWh Energie;31.10.2024;0,000;MWh Energie;30.09.2024;0,000;MWh Energie;31.08.2024;0,000;MWh Energie;31.07.2024;0,000;MWh Energie;30.06.2024;0,000;MWh Energie;31.05.2024;0,000;MWh Energie;;;;;;;;;;;;;;;;;;;;;;;;;;;;;;;;;;;;;;;;;;;;;;WMZ Rücklauf;1;0;Long;mechanical;1;A944C5147539355200047A06009025283C56B273CB66AE785F3C819C9FBD8DB1DB14EB23429AAD49D7BFACAC338539705A4DC2113A0BF1DE63E2598D2398F76B5C5C5D221098AE196530AA9D6701B7E2F05F58B1A7D5D3A65C1BE353A9E0FE768E7B17C1370D57BEAF94B9AAA335DE1B007BC736BDCF792FF6F9C90373E8F5E488CE55809F9F1A720ACDF5D94BA2A0470F5C7F3E051281AC169D5289BC3A7903FD0C05010002FD0B0111;27-08-2025
100;Unbekannte Route;;;100;unknown estate;;;100;unknown EINGANG;;;100;Unbekannte Nutzeinheit;;;00198096;;;;;;0x32;LAS;0x;0x01;;31.12.2024;;;27.08.2025;08:01 Winterzeit gültiges Datum (Typ );;;;;;;;;;;;;;;;;;;;;;;;;;;;;;;;;;;;;;;;;;;;;;;;;;;;;;;;;;;;;;;;;;;;;;;;;;;;;;;;;;;;;;;;;;;;;;;;;;;;;;Unidirektionaler Repeater;0;11;NotDefined;undef;0;6A443330968019000B327A150001C02F2F04FD3A37F506008240FD3AA40302FD0F0902818040FD3A0184C040FD3A9E05000042FD3A19008201FD3A8705C101FD3A7F8202FD3AE001066D0101683B380002FD468B0C0C784476190001FD71AD8C4078968019008140FD71A9;27-08-2025;Seriennummer des Senders;197644;Dimensionless;455991;Dimensionless;932;SoftwareVersionNr;521;Dimensionless;1;Dimensionless;1438;Dimensionless;25;Dimensionless;1415;Dimensionless;127;Dimensionless;480;Volts;3,211;Fabrikationsnr.;197644;Reserved_FD_71;173
100;Unbekannte Route;;;100;unknown estate;;;100;unknown EINGANG;;;100;Unbekannte Nutzeinheit;;;00197644;;;;;;0x32;LAS;0x;0x01;;31.12.2024;;;27.08.2025;08:01 Winterzeit gültiges Datum (Typ );;;;;;;;;;;;;;;;;;;;;;;;;;;;;;;;;;;;;;;;;;;;;;;;;;;;;;;;;;;;;;;;;;;;;;;;;;;;;;;;;;;;;;;;;;;;;;;;;;;;;;Unidirektionaler Repeater;0;11;NotDefined;undef;0;6A443330447619000B327AB90001C02F2F04FD3AE43407008240FD3AA40302FD0F0902818040FD3A0184C040FD3A9E05000042FD3A19008201FD3A8705C101FD3A7F8202FD3AE001066D0201683B380002FD46980C0C789680190001FD71A98C4078447619008140FD71A9;27-08-2025;Seriennummer des Senders;198096;Dimensionless;472292;Dimensionless;932;SoftwareVersionNr;521;Dimensionless;1;Dimensionless;1438;Dimensionless;25;Dimensionless;1415;Dimensionless;127;Dimensionless;480;Volts;3,224;Fabrikationsnr.;198096;Reserved_FD_71;169
100;Unbekannte Route;;;100;unknown estate;;;100;unknown EINGANG;;;100;Unbekannte Nutzeinheit;;;00151752;;;;;;0x31;MWU;0x;0x01;;31.12.2024;;;;;;;;;;;;;;;;;;;;;;;;;;;;;;;;;;;;;;;;;;;;;;;;;;;;;;;;;;;;;;;;;;;;;;;;;;;;;;;;;;;;;;;;;;;;;;;;;;;;;;;;;;Kommunikationscontroller;0;2;Short;undef;0;2547F5365217150002317A000008000F801300010900DA8B3F0014012A090902040000000000;;80 13 00 01 09 00 da 8b 3f 00 14 01 2a 09 09 02 04 00 00 00 00 00;Undefined
100;Unbekannte Route;;;100;unknown estate;;;100;unknown EINGANG;;;100;Unbekannte Nutzeinheit;;;52353973;;;;;;0x04;EFE;0x;0x01;;31.12.2024;0,000;MWh;27.08.2025;09:00 Winterzeit gültiges Datum (Typ F/I/J);0,000;MWh;0,024;m³;;;0;;;;MWh Energie;31.07.2025;0,000;MWh Energie;30.06.2025;0,000;MWh Energie;31.05.2025;0,000;MWh Energie;30.04.2025;0,000;MWh Energie;31.03.2025;0,000;MWh Energie;28.02.2025;0,000;MWh Energie;31.01.2025;0,000;MWh Energie;31.12.2024;0,000;MWh Energie;30.11.2024;0,000;MWh Energie;31.10.2024;0,000;MWh Energie;30.09.2024;0,000;MWh Energie;31.08.2024;0,000;MWh Energie;31.07.2024;0,000;MWh Energie;30.06.2024;0,000;MWh Energie;31.05.2024;0,000;MWh Energie;;;;;;;;;;;;;;;;;;;;;;;;;;;;;;;;;;;;;;;;;;;;;;WMZ Rücklauf;1;0;Long;mechanical;1;A944C5147339355200047A58009025F8C64A78297A5B997E47C999A61F64E0395B48B1A3EC110E10B4E721199886AC230A817BFD50B9DB358B3AD06E7BBF2F8721C270DC61F50506EF9089E75917CD16A15AEE44636ADAEE6B5469CAE0803C7A31138B5BCF58705987E465D5EF76FE80645EF8A1F26B69C60250E6997124CA7DB7F9F0AA8320666D5F51DC3420D86C39BDD6A40A91EE152FAFC054B4A8314C03FD0C05010002FD0B0111;27-08-2025
100;Unbekannte Route;;;100;unknown estate;;;100;unknown EINGANG;;;100;Unbekannte Nutzeinheit;;;52353978;;;;;;0x04;EFE;0x;0x01;;31.12.2024;0,000;MWh;27.08.2025;09:00 Winterzeit gültiges Datum (Typ F/I/J);0,000;MWh;0,000;m³;;;0;;;;MWh Energie;31.07.2025;0,000;MWh Energie;30.06.2025;0,000;MWh Energie;31.05.2025;0,000;MWh Energie;30.04.2025;0,000;MWh Energie;31.03.2025;0,000;MWh Energie;28.02.2025;0,000;MWh Energie;31.01.2025;0,000;MWh Energie;31.12.2024;0,000;MWh Energie;30.11.2024;0,000;MWh Energie;31.10.2024;0,000;MWh Energie;30.09.2024;0,000;MWh Energie;31.08.2024;0,000;MWh Energie;31.07.2024;0,000;MWh Energie;30.06.2024;0,000;MWh Energie;31.05.2024;0,000;MWh Energie;;;;;;;;;;;;;;;;;;;;;;;;;;;;;;;;;;;;;;;;;;;;;;WMZ Rücklauf;1;0;Long;mechanical;1;A944C5147839355200047A56009025C5417C5C382825E6BE8F3645248BCD7BD2EDBA6D53EFAE16117D03B9CC48025CB0AEBC16ABC94B2922E7D6D611699332B8E51332F8456B6ED58CF23003EF5291739F357486645B22B20CAA76B22FC166BEEEBE6AFA5E6D3AF6750D98AABEAFB240C99E8DD89499E81DCCB3A6A6C0F453ACE0A2193FEECE5B62D4D2B7315380F9A26D0691EE5D51C6EB3658EF7DADC4B503FD0C05010002FD0B0111;27-08-2025
100;Unbekannte Route;;;100;unknown estate;;;100;unknown EINGANG;;;100;Unbekannte Nutzeinheit;;;53157163;;;;;;0x04;EFE;0x;0x01;;31.12.2024;0,000;MWh;27.08.2025;09:01 Winterzeit gültiges Datum (Typ F/I/J);0,000;MWh;0,002;m³;;;0;;;;MWh Energie;31.07.2025;0,000;MWh Energie;30.06.2025;0,000;MWh Energie;31.05.2025;0,000;MWh Energie;30.04.2025;0,000;MWh Energie;31.03.2025;0,000;MWh Energie;28.02.2025;0,000;MWh Energie;31.01.2025;0,000;MWh Energie;31.12.2024;0,000;MWh Energie;30.11.2024;0,000;MWh Energie;31.10.2024;0,000;MWh Energie;30.09.2024;0,000;MWh Energie;31.08.2024;0,000;MWh Energie;31.07.2024;0,000;MWh Energie;30.06.2024;0,000;MWh Energie;31.05.2024;0,000;MWh Energie;;;;;;;;;;;;;;;;;;;;;;;;;;;;;;;;;;;;;;;;;;;;;;WMZ Rücklauf;1;0;Long;mechanical;1;A944C5146371155300047A0A00902587F84C73F0A958A1C6894D302237343406B0D5E7A7142B45D97B90E5B8A598A131A4B4AD1517F9CE71D78B223E8474415100B4139B4B74C549788DBFEDB5D4D29E6E6C96DE7F43D040CA9304162FABF7651064537516602BC947AFC9C580784D1342C2808FE4CF35982AE26466E9D1B7AC0F479F2EC631D0190D8437C617FE5E90DA0C6E484E74893B5845D75962233F03FD0C05010002FD0B0111;27-08-2025
100;Unbekannte Route;;;100;unknown estate;;;100;unknown EINGANG;;;100;Unbekannte Nutzeinheit;;;53157164;;;;;;0x04;EFE;0x;0x01;;31.12.2024;0,000;MWh;27.08.2025;09:00 Winterzeit gültiges Datum (Typ F/I/J);0,000;MWh;0,000;m³;;;0;;;;MWh Energie;31.07.2025;0,000;MWh Energie;30.06.2025;0,000;MWh Energie;31.05.2025;0,000;MWh Energie;30.04.2025;0,000;MWh Energie;31.03.2025;0,000;MWh Energie;28.02.2025;0,000;MWh Energie;31.01.2025;0,000;MWh Energie;31.12.2024;0,000;MWh Energie;30.11.2024;0,000;MWh Energie;31.10.2024;0,000;MWh Energie;30.09.2024;0,000;MWh Energie;31.08.2024;0,000;MWh Energie;31.07.2024;0,000;MWh Energie;30.06.2024;0,000;MWh Energie;31.05.2024;0,000;MWh Energie;;;;;;;;;;;;;;;;;;;;;;;;;;;;;;;;;;;;;;;;;;;;;;WMZ Rücklauf;1;0;Long;mechanical;1;A944C5146471155300047A62009025DFDF5D70C1826C0DCA8A4A7C146C7D09D1DB828052751C0C1B6C42340BD98A64941258196660DB444605A288BE6076E4D3D136F502BC0ED6ADCC0BB12F27429DB0E2BAC383E7F01479132F07B3B8D3C57957DB6B5EBC194BC24F82B28230DB525A3461F4CAEF7A6EE1BC3D57F0200E5B99C86ADED3A2E1F692F4C98D9ADFEA52BE78C3BB8D507E690B51BCA3101F31E703FD0C05010002FD0B0111;27-08-2025
100;Unbekannte Route;;;100;unknown estate;;;100;unknown EINGANG;;;100;Unbekannte Nutzeinheit;;;52353977;;;;;;0x04;EFE;0x;0x01;;31.12.2024;0,000;MWh;27.08.2025;09:00 Winterzeit gültiges Datum (Typ F/I/J);0,000;MWh;0,000;m³;;;0;;;;MWh Energie;31.07.2025;0,000;MWh Energie;30.06.2025;0,000;MWh Energie;31.05.2025;0,000;MWh Energie;30.04.2025;0,000;MWh Energie;31.03.2025;0,000;MWh Energie;28.02.2025;0,000;MWh Energie;31.01.2025;0,000;MWh Energie;31.12.2024;0,000;MWh Energie;30.11.2024;0,000;MWh Energie;31.10.2024;0,000;MWh Energie;30.09.2024;0,000;MWh Energie;31.08.2024;0,000;MWh Energie;31.07.2024;0,000;MWh Energie;30.06.2024;0,000;MWh Energie;31.05.2024;0,000;MWh Energie;;;;;;;;;;;;;;;;;;;;;;;;;;;;;;;;;;;;;;;;;;;;;;WMZ Rücklauf;1;0;Long;mechanical;1;A944C5147739355200047AC500902547390AA867E57265B3E64089244908C181347517F68239A3F7FC58FED6AEC777E604D5BD12DA8CED168F404A6C1EB7F90FA88178B3B5BC7EE0C7B8C080893171CCD66D5CFD552B6A1DD2550C3F2B729FAF25EBDDF03319983AB945082DB13F82C28DEBBAC649CEE3314C3F2CEF41BC00E76E75CF337556AEBFBEFF9159CB8E915958E6519E445B7E8E47EE8B6AA75FEC03FD0C05010002FD0B0111;27-08-2025
100;Unbekannte Route;;;100;unknown estate;;;100;unknown EINGANG;;;100;Unbekannte Nutzeinheit;;;52353974;;;;;;0x04;EFE;0x;0x01;;31.12.2024;0,000;MWh;27.08.2025;09:00 Winterzeit gültiges Datum (Typ F/I/J);0,000;MWh;0,024;m³;;;0;;;;MWh Energie;31.07.2025;0,000;MWh Energie;30.06.2025;0,000;MWh Energie;31.05.2025;0,000;MWh Energie;30.04.2025;0,000;MWh Energie;31.03.2025;0,000;MWh Energie;28.02.2025;0,000;MWh Energie;31.01.2025;0,000;MWh Energie;31.12.2024;0,000;MWh Energie;30.11.2024;0,000;MWh Energie;31.10.2024;0,000;MWh Energie;30.09.2024;0,000;MWh Energie;31.08.2024;0,000;MWh Energie;31.07.2024;0,000;MWh Energie;30.06.2024;0,000;MWh Energie;31.05.2024;0,000;MWh Energie;;;;;;;;;;;;;;;;;;;;;;;;;;;;;;;;;;;;;;;;;;;;;;WMZ Rücklauf;1;0;Long;mechanical;1;A944C5147439355200047AC6009025A72B0DF1A5C9D47676DE6D68B1724C16E71798B6F4184790FA2BAA628BA20AE13EAA730A2B487AE530A53DABD0C6A50CCFFC67A811A75D35DE300B614EA8A3482DA8DAED564E04D316348E4103CE685C7FAFD217CF6F081F531217524C4A93EC1582B7A460E50AA38120867EF277A974301A736A3A05FCB80A5FA7FD004FE64CAFD4A331F98641F6A4ADBF4D968BFC9503FD0C05010002FD0B0111;27-08-2025
100;Unbekannte Route;;;100;unknown estate;;;100;unknown EINGANG;;;100;Unbekannte Nutzeinheit;;;52353972;;;;;;0x04;EFE;0x;0x01;;31.12.2024;0,000;MWh;27.08.2025;09:01 Winterzeit gültiges Datum (Typ F/I/J);0,000;MWh;0,000;m³;;;0;;;;MWh Energie;31.07.2025;0,000;MWh Energie;30.06.2025;0,000;MWh Energie;31.05.2025;0,000;MWh Energie;30.04.2025;0,000;MWh Energie;31.03.2025;0,000;MWh Energie;28.02.2025;0,000;MWh Energie;31.01.2025;0,000;MWh Energie;31.12.2024;0,000;MWh Energie;30.11.2024;0,000;MWh Energie;31.10.2024;0,000;MWh Energie;30.09.2024;0,000;MWh Energie;31.08.2024;0,000;MWh Energie;31.07.2024;0,000;MWh Energie;30.06.2024;0,000;MWh Energie;31.05.2024;0,000;MWh Energie;;;;;;;;;;;;;;;;;;;;;;;;;;;;;;;;;;;;;;;;;;;;;;WMZ Rücklauf;1;0;Long;mechanical;1;A944C5147239355200047ADA0090250BF388F5E9A03D9193C92EEDE3380B1F59F3323F21795EE9EDADF7E80EA6E260F7989E4E23A65B6420CC2BEE95A32F54CD86B73B4E6F95488B2993374BE27AB28A75579F3556F08C288A947B20C99352804F33752B14F27EAE07964444A8314B044843CD0029B0037F1A21D2CDF47CBF02BE644ADA0203C8FD63D28A59DBA14ADDF2CB0D8A8139AEED51A5C57D2CC15503FD0C05010002FD0B0111;27-08-2025
100;Unbekannte Route;;;100;unknown estate;;;100;unknown EINGANG;;;100;Unbekannte Nutzeinheit;;;52353976;;;;;;0x04;EFE;0x;0x01;;31.12.2024;0,000;MWh;27.08.2025;09:01 Winterzeit gültiges Datum (Typ F/I/J);0,000;MWh;0,000;m³;;;0;;;;MWh Energie;31.07.2025;0,000;MWh Energie;30.06.2025;0,000;MWh Energie;31.05.2025;0,000;MWh Energie;30.04.2025;0,000;MWh Energie;31.03.2025;0,000;MWh Energie;28.02.2025;0,000;MWh Energie;31.01.2025;0,000;MWh Energie;31.12.2024;0,000;MWh Energie;30.11.2024;0,000;MWh Energie;31.10.2024;0,000;MWh Energie;30.09.2024;0,000;MWh Energie;31.08.2024;0,000;MWh Energie;31.07.2024;0,000;MWh Energie;30.06.2024;0,000;MWh Energie;31.05.2024;0,000;MWh Energie;;;;;;;;;;;;;;;;;;;;;;;;;;;;;;;;;;;;;;;;;;;;;;WMZ Rücklauf;1;0;Long;mechanical;1;A944C5147639355200047AB0009025D26FC7209E9502225F8C36CAD36A6CCD6E546EE14E22105532172C1F143C8BC7519BE1F9B0D678D64D029311593DD0D9EDE5C8EC6DFDF6F35EA891047E19765F2E255F028133055C2C22D1E0DDB419BC6FB689C0CC39AF14784E0F27F91F1B01BF3B88449D2B2D9DE1B6D46A64A5E4159BD0F5C9BA44055209DFEBFE0F154BE35D35AE99E498B9915A85EBDBEA2B98E203FD0C05010002FD0B0111;27-08-2025
100;Unbekannte Route;;;100;unknown estate;;;100;unknown EINGANG;;;100;Unbekannte Nutzeinheit;;;53058576;;;;;;0x04;EFE;0x;0x01;;31.12.2024;;;;;0,000;MWh;;;;;;;;;;31.07.2025;0,000;MWh Energie;30.06.2025;0,000;MWh Energie;31.05.2025;0,000;MWh Energie;30.04.2025;0,000;MWh Energie;31.03.2025;0,000;MWh Energie;28.02.2025;0,000;MWh Energie;31.01.2025;0,000;MWh Energie;31.12.2024;0,000;MWh Energie;30.11.2024;0,000;MWh Energie;31.10.2024;0,000;MWh Energie;30.09.2024;0,000;MWh Energie;31.08.2024;0,000;MWh Energie;31.07.2024;0,000;MWh Energie;30.06.2024;0,000;MWh Energie;31.05.2024;0,000;MWh Energie;;;;;;;;;;;;;;;;;;;;;;;;;;;;;;;;;;;;;;;;;;;;;;WMZ Rücklauf;0;0;Long;undef;0;A944C5147685055300047A171390258816B11E24A915565079F7546FD8248E710E3598947E2C573E98D3636B4E3C1EDF8793EE886EA20A606426342AD01F721869AAB5858197F0D0597672E8CF534CAD8BF272F9735AA42A3C8CC74BBC0F42FA85823AD063672520F2836E1C47DAFFCD5EA1B928BEC3F7B3284A90383C4EBF61D333D9C1C0CCEEFB443AEF7A41552EC60204230C2E29A5273F6D353FA33FE803FD0C05010002FD0B2111;
100;Unbekannte Route;;;100;unknown estate;;;100;unknown EINGANG;;;100;Unbekannte Nutzeinheit;;;51378499;;;;;;0x07;WEH;0x;0x01;;31.12.2024;;;;;;;;;;;;;;;;;;;;;;;;;;;;;;;;;;;;;;;;;;;;;;;;;;;;;;;;;;;;;;;;;;;;;;;;;;;;;;;;;;;;;;;;;;;;;;;;;;;;;;;;;;Kaltwasserzähler;0;82;Short;undef;0;364468502487260352377299843751A85CFE0781002025CD2FC76E47C6F73753F9492F7C27A25F37821274FEAF8C754BF51F07FBB30956;;0;m³/min Volumenstrom
100;Unbekannte Route;;;100;unknown estate;;;100;unknown EINGANG;;;100;Unbekannte Nutzeinheit;;;50893181;;;;;;0x06;EFE_FAW;0x;0x02;;01.01.0001;0;;;;;;;;;;;;;;;;;;;;;;;;;;;;;;;;;;;;;;;;;;;;;;;;;;;;;;;;;;;;;;;;;;;;;;;;;;;;;;;;;;;;;;;;;;;;;;;;;;;;;;;;;Warmwasserzähler;;;;;;A144C5148131895070068C20B47AB30090256AD9CB29D897ED166F9A691E774D9E62FBF679920962093350C3F637EF506A875FB1B37FABCA2EBE0E806689A34594D6D33C9B2701513792D31D709B04E8707656793CB48879E7DA58F2FBC7743163D2D2F7FE79B1B0E719F1F561FCC5CDDED0707AE043F31CB3E8882936999E65C5BEFAF0DDB1DA5DF8FB7D7BC70994855C6FA91F62723041FA322D26BCE136424979;01-01-0001
100;Unbekannte Route;;;100;unknown estate;;;100;unknown EINGANG;;;100;Unbekannte Nutzeinheit;;;13551760;;;;;;0x02;EMH;0x;0x02;;01.01.0001;0;;;;;;;;;;;;;;;;;;;;;;;;;;;;;;;;;;;;;;;;;;;;;;;;;;;;;;;;;;;;;;;;;;;;;;;;;;;;;;;;;;;;;;;;;;;;;;;;;;;;;;;;;Stromzähler;;;;;;5344A8156017551300028C2009900F002C251E7D1A00E03117EE45A272B67A090030071087B06DEC1CD89279FC42BE9B17E98F7C8CBC55AEF9CCE36E1B187084A875C663A13565D66242AF193C6192E584A0B3D1;01-01-0001
100;Unbekannte Route;;;100;unknown estate;;;100;unknown EINGANG;;;100;Unbekannte Nutzeinheit;;;13551754;;;;;;0x02;EMH;0x;0x02;;01.01.0001;0;;;;;;;;;;;;;;;;;;;;;;;;;;;;;;;;;;;;;;;;;;;;;;;;;;;;;;;;;;;;;;;;;;;;;;;;;;;;;;;;;;;;;;;;;;;;;;;;;;;;;;;;;Stromzähler;;;;;;5344A8155417551300028C20AD900F002C25237D1A00DD577E957E4B2AFF7AAD00300710974434B499FABB27131E757B72BAAE7D83EFD846F2FF13D009A27A63E25DC1CC6DF9EFD3165E30EE722FB259F006CE55;01-01-0001
100;Unbekannte Route;;;100;unknown estate;;;100;unknown EINGANG;;;100;Unbekannte Nutzeinheit;;;50893185;;;;;;0x06;EFE_FAW;0x;0x02;;01.01.0001;0;;;;;;;;;;;;;;;;;;;;;;;;;;;;;;;;;;;;;;;;;;;;;;;;;;;;;;;;;;;;;;;;;;;;;;;;;;;;;;;;;;;;;;;;;;;;;;;;;;;;;;;;;Warmwasserzähler;;;;;;A144C5148531895070068C20B27AB10090254429B4D659F0E268CE5F78DA93F7B1F009F564046083D7AC8C1CD7BD6CACA84989C27B2755D63B3273BB0ED7F88CB51863DB7F10E08A9A6E5A9305849B511A34CD95F5696F21C2D62F9B909C0F19311B418AD44FF4B76590EA903E1F383D6F679AE10B0742A18BE71E3506338C9ECB883293A41BE482FD5A63049B8B0E9D109E4F66C13700C5884673FB0448D8C3BE7C;01-01-0001
100;Unbekannte Route;;;100;unknown estate;;;100;unknown EINGANG;;;100;Unbekannte Nutzeinheit;;;50893193;;;;;;0x07;EFE_FAW;0x;0x02;;01.01.0001;0;;;;;;;;;;;;;;;;;;;;;;;;;;;;;;;;;;;;;;;;;;;;;;;;;;;;;;;;;;;;;;;;;;;;;;;;;;;;;;;;;;;;;;;;;;;;;;;;;;;;;;;;;Kaltwasserzähler;;;;;;A144C5149331895070078C20B07AAF0090251DC6627E6260F6B46F4F44673AF666E481D248F417E62B632407353118F7FD51128129D183E83502A4D645A43860DA1BEEE120E250577F7904CB8D0B2A44DC0EEF449BE28980E3274544CB667E3875DDA6FF927DAC7D826B6A5A73479C696E0D4F326463D6717158A20511D72DC59312FE9D75CBC73DD7CDF44191DEA007C8DD1D95FA3B94F3CCEE18CC5E771C7F4BD5;01-01-0001
100;Unbekannte Route;;;100;unknown estate;;;100;unknown EINGANG;;;100;Unbekannte Nutzeinheit;;;25852268;;;;;;0x08;TCH;0x;0x02;;01.01.0001;0;;;;;;;;;;;;;;;;;;;;;;;;;;;;;;;;;;;;;;;;;;;;;;;;;;;;;;;;;;;;;;;;;;;;;;;;;;;;;;;;;;;;;;;;;;;;;;;;;;;;;;;;;Heizkostenverteiler;;;;;;67446850682285256A088C004A900F002C25FE800100978C348AD12EF8F67A10004007102E54DB1DD0F22000752835916E3ACA310C7AD542A4922741B1B152EE7F0E0D38D8B27F7B49E76AFEDA0534902B617139DC4FA2A50256FDF27B262FF5ABC653B80F3B6678;01-01-0001
100;Unbekannte Route;;;100;unknown estate;;;100;unknown EINGANG;;;100;Unbekannte Nutzeinheit;;;20068646;;;;;;0x08;ITW;0x;0x02;;01.01.0001;0;;;;;;;;;;;;;;;;;;;;;;;;;;;;;;;;;;;;;;;;;;;;;;;;;;;;;;;;;;;;;;;;;;;;;;;;;;;;;;;;;;;;;;;;;;;;;;;;;;;;;;;;;Heizkostenverteiler;;;;;;2E4497264686062000087AD10020A5207F14C96E1006F71B55B42CF4ECE1FC09FE67205D90E3A012F42716953FC4DD;01-01-0001
100;Unbekannte Route;;;100;unknown estate;;;100;unknown EINGANG;;;100;Unbekannte Nutzeinheit;;;50893186;;;;;;0x06;EFE_FAW;0x;0x02;;01.01.0001;0;;;;;;;;;;;;;;;;;;;;;;;;;;;;;;;;;;;;;;;;;;;;;;;;;;;;;;;;;;;;;;;;;;;;;;;;;;;;;;;;;;;;;;;;;;;;;;;;;;;;;;;;;Warmwasserzähler;;;;;;A144C5148631895070068C20B27AB1009025048C746739838CB74AB581DDBBA9240A747D865A8F729770BAACB4EAC2FAC18E7CCF10EB69E77E13F6B0B003C9DAB7EF10CC300E34D3A0402CEB60255C7D394315DA9CD79205BF68F435309AC8F7BE1C4E89A9838787E0B254E230B1D8CD54474B8507A0DF67235F932EC2EE666DE625A2041B404A3636C5AAFA0A8A0C16D5AF99E4A5F2B07D31C69A5C637CDB72849E;01-01-0001
100;Unbekannte Route;;;100;unknown estate;;;100;unknown EINGANG;;;100;Unbekannte Nutzeinheit;;;14319910;;;;;;0x08;TCH;0x;0x02;;01.01.0001;0;;;;;;;;;;;;;;;;;;;;;;;;;;;;;;;;;;;;;;;;;;;;;;;;;;;;;;;;;;;;;;;;;;;;;;;;;;;;;;;;;;;;;;;;;;;;;;;;;;;;;;;;;Heizkostenverteiler;;;;;;574468501099311494088C005C900F002C25125E1400AD166212EF5B50667A1D003007108B6D0A53DE3B6534C36DCF53FA9B855236D01E11403CB720AED9A87D1AEBDA7ED8A345E52785BC6C80C7952140E8F9650FF9E429;01-01-0001
100;Unbekannte Route;;;100;unknown estate;;;100;unknown EINGANG;;;100;Unbekannte Nutzeinheit;;;50893195;;;;;;0x07;EFE_FAW;0x;0x02;;01.01.0001;0;;;;;;;;;;;;;;;;;;;;;;;;;;;;;;;;;;;;;;;;;;;;;;;;;;;;;;;;;;;;;;;;;;;;;;;;;;;;;;;;;;;;;;;;;;;;;;;;;;;;;;;;;Kaltwasserzähler;;;;;;A144C5149531895070078C20AD7AAC00902581BDA5997EC228722933530C2823601791C6B27A4D18548615408D815E7A9E3121D9A94F2150002DA72025C277C08E379C9871CFD890FEFB5A169E4C2A244858D1DC98608A1DAA96BCF21C06FC7B8683BC379F49C868D06D27099C3D2C07FCCC0D83ED6B34D954D525AAB7C5AF9C361DC92ED587ACF0C442E8992AA5ABF634C4B44112C951EE6082352C7EE620C43443;01-01-0001
100;Unbekannte Route;;;100;unknown estate;;;100;unknown EINGANG;;;100;Unbekannte Nutzeinheit;;;50893201;;;;;;0x07;EFE_FAW;0x;0x02;;01.01.0001;0;;;;;;;;;;;;;;;;;;;;;;;;;;;;;;;;;;;;;;;;;;;;;;;;;;;;;;;;;;;;;;;;;;;;;;;;;;;;;;;;;;;;;;;;;;;;;;;;;;;;;;;;;Kaltwasserzähler;;;;;;A144C5140132895070078C20A97AA80090250BC03C296451EE14873FEF5A0285D4E860E6CC216AA6AA0CFF31BE285D17DB6EFD95400C9F990BCED7C973BBFF2152ED7C2602D11F649C593815EFC70FCF81A64B92B74192554C1663CF1FAF845EA3B81EEC0E348EEDCF75B813E9FFBB502146D0150FE2101E9B385764120996F9339F96FC8BD467E5FBC805FDA0937F1EA05AD2244ED7EDEF7C7FA96C79AE96423234;01-01-0001
100;Unbekannte Route;;;100;unknown estate;;;100;unknown EINGANG;;;100;Unbekannte Nutzeinheit;;;14319981;;;;;;0x08;TCH;0x;0x02;;01.01.0001;0;;;;;;;;;;;;;;;;;;;;;;;;;;;;;;;;;;;;;;;;;;;;;;;;;;;;;;;;;;;;;;;;;;;;;;;;;;;;;;;;;;;;;;;;;;;;;;;;;;;;;;;;;Heizkostenverteiler;;;;;;574468508199311494088C00D8900F002C25DB5D1400121285086A0DB6887AE5003007100A6BEE6A06F43A2DA3EFA594EA33F7838F0CB501AC5BC39F8147F2368BF7D292F307C47D50CB234385E448CAD15CBBA50F9211E8;01-01-0001
100;Unbekannte Route;;;100;unknown estate;;;100;unknown EINGANG;;;100;Unbekannte Nutzeinheit;;;50893182;;;;;;0x06;EFE_FAW;0x;0x02;;01.01.0001;0;;;;;;;;;;;;;;;;;;;;;;;;;;;;;;;;;;;;;;;;;;;;;;;;;;;;;;;;;;;;;;;;;;;;;;;;;;;;;;;;;;;;;;;;;;;;;;;;;;;;;;;;;Warmwasserzähler;;;;;;A144C5148231895070068C20B47AB3009025AF1375D7675E9C21F343FC38B90F7C29C4D582C3EC26960213353A87FABE58446E602189CC172D4B1EF86EB210ECD79D53BCDDA568BEC109E2C2EC30E6CCCE393823EE164F43ED938AF11DD013FD30F6897085A842D120E4AB8400E1A8E98DB43592842C856FB45DC25143830B246DEA45758BC32E9017F26C607960B73A8BA50139A4EB9EB1C76EFC9346EDF37DA4AD;01-01-0001
100;Unbekannte Route;;;100;unknown estate;;;100;unknown EINGANG;;;100;Unbekannte Nutzeinheit;;;13551771;;;;;;0x02;EMH;0x;0x02;;01.01.0001;0;;;;;;;;;;;;;;;;;;;;;;;;;;;;;;;;;;;;;;;;;;;;;;;;;;;;;;;;;;;;;;;;;;;;;;;;;;;;;;;;;;;;;;;;;;;;;;;;;;;;;;;;;Stromzähler;;;;;;5344A8157117551300028C207F900F002C251E7D1A0091FCC9BBAB21D9B57A7F003007100B4D47A4BBF2255D1A4E0F8A8059173781890468F34A6F3744CAB685475668D844E393B487621C77885C266F4DB23833;01-01-0001
100;Unbekannte Route;;;100;unknown estate;;;100;unknown EINGANG;;;100;Unbekannte Nutzeinheit;;;13551756;;;;;;0x02;EMH;0x;0x02;;01.01.0001;0;;;;;;;;;;;;;;;;;;;;;;;;;;;;;;;;;;;;;;;;;;;;;;;;;;;;;;;;;;;;;;;;;;;;;;;;;;;;;;;;;;;;;;;;;;;;;;;;;;;;;;;;;Stromzähler;;;;;;5344A8155617551300028C2007900F002C251A7D1A001F722EC6A6E02D107A0700300710AF41E4A00FD42CC23281B63A356EBEA53E55702FB086A992F5DFDD25AED6179DD7F4E5A6E103047BF57A2EE6B23ACD80;01-01-0001
100;Unbekannte Route;;;100;unknown estate;;;100;unknown EINGANG;;;100;Unbekannte Nutzeinheit;;;24826541;;;;;;0x08;TCH;0x;0x02;;01.01.0001;0;;;;;;;;;;;;;;;;;;;;;;;;;;;;;;;;;;;;;;;;;;;;;;;;;;;;;;;;;;;;;;;;;;;;;;;;;;;;;;;;;;;;;;;;;;;;;;;;;;;;;;;;;Heizkostenverteiler;;;;;;67446850416582246A088C0038900F002C2524AD0300E54B3C9B9D2684BF7AC80040071078CE6F1357CD1198D20DDD41325A788BAE08BD69FC123187A62BA7AD174E15ACEBAE2EFF32C1A3302CB719F95B4D9762C05E362FA3DF65351FAB1AFC14D55A870F2A03D6;01-01-0001
100;Unbekannte Route;;;100;unknown estate;;;100;unknown EINGANG;;;100;Unbekannte Nutzeinheit;;;50893194;;;;;;0x07;EFE_FAW;0x;0x02;;01.01.0001;0;;;;;;;;;;;;;;;;;;;;;;;;;;;;;;;;;;;;;;;;;;;;;;;;;;;;;;;;;;;;;;;;;;;;;;;;;;;;;;;;;;;;;;;;;;;;;;;;;;;;;;;;;Kaltwasserzähler;;;;;;A144C5149431895070078C20AD7AAC009025BC8DD8C121B3389CDEA7F96F6BE0EDB21900923AC6BFAE92C23F762C03B4721F832AD822860A43517CD13CC9DEDDE8CC7931985EE29383DB800915DB884D8E3313059C3F897BFCF484AC8E451208ABC379FF83D91C3B095F28AFF2B76FED322FD54CFF83D88223E42711E174C44331D97D44468D8C11818780418C51417F759B01AB16634AAACBA11BD34B43367DD12D;01-01-0001
100;Unbekannte Route;;;100;unknown estate;;;100;unknown EINGANG;;;100;Unbekannte Nutzeinheit;;;03993729;;;;;;0x1a;EIE_C1 EI;0x;0x02;;01.01.0001;0;;;;;;;;;;;;;;;;;;;;;;;;;;;;;;;;;;;;;;;;;;;;;;;;;;;;;;;;;;;;;;;;;;;;;;;;;;;;;;;;;;;;;;;;;;;;;;;;;;;;;;;;;Andere;;;;;;5E442515293799030C1A7A24005025A07B02AEE6C12D9B6FBB41EDAC189C9351138650AF80A705FDCE2D11C02117268EE2CF8075FC0F6E06255790E59EEAC723115707DB74CD6BE310CCE74266AB9C62A63317B193455F192E1F6218330FF2;01-01-0001
100;Unbekannte Route;;;100;unknown estate;;;100;unknown EINGANG;;;100;Unbekannte Nutzeinheit;;;04698876;;;;;;0x08;TCH;0x;0x02;;01.01.0001;0;;;;;;;;;;;;;;;;;;;;;;;;;;;;;;;;;;;;;;;;;;;;;;;;;;;;;;;;;;;;;;;;;;;;;;;;;;;;;;;;;;;;;;;;;;;;;;;;;;;;;;;;;Heizkostenverteiler;;;;;;574468507688690494088C005E900F002C25275E1400FB8904D972D74F267A280030071060C0F0962FB5BD44ED86F8C17EEFDC41671A751562706201209D6BCFD908ADC24A15E7606147A6B6AE002E341FB04B3C0FCBD45A;01-01-0001
100;Unbekannte Route;;;100;unknown estate;;;100;unknown EINGANG;;;100;Unbekannte Nutzeinheit;;;03993721;;;;;;0x1a;EIE_C1 EI;0x;0x02;;01.01.0001;0;;;;;;;;;;;;;;;;;;;;;;;;;;;;;;;;;;;;;;;;;;;;;;;;;;;;;;;;;;;;;;;;;;;;;;;;;;;;;;;;;;;;;;;;;;;;;;;;;;;;;;;;;Andere;;;;;;5E442515213799030C1A7A1D00502530398753CBDC6C804FB341BE5987FC5E4E85D88CCC72A488EEDA720B79AE6A9F1106A440D96597AF4E1606141A1574CEE72DCED23B0C19DB329BB1AF7D3658D8C73FFB16819E5BC29DA50B2B79ABFF0D;01-01-0001
100;Unbekannte Route;;;100;unknown estate;;;100;unknown EINGANG;;;100;Unbekannte Nutzeinheit;;;14320055;;;;;;0x08;TCH;0x;0x02;;01.01.0001;0;;;;;;;;;;;;;;;;;;;;;;;;;;;;;;;;;;;;;;;;;;;;;;;;;;;;;;;;;;;;;;;;;;;;;;;;;;;;;;;;;;;;;;;;;;;;;;;;;;;;;;;;;Heizkostenverteiler;;;;;;574468505500321494088C002E900F002C25125E140086AADA8DAFA2822D7A1200300710688ED54CFDFD190DCBA241820774EE79DB7D0169B891E460C705FE9D7921A07D8983F8290A5CD2BFF3ED9DC161C887A50FD5798E;01-01-0001
100;Unbekannte Route;;;100;unknown estate;;;100;unknown EINGANG;;;100;Unbekannte Nutzeinheit;;;03993733;;;;;;0x1a;EIE_C1 EI;0x;0x02;;01.01.0001;0;;;;;;;;;;;;;;;;;;;;;;;;;;;;;;;;;;;;;;;;;;;;;;;;;;;;;;;;;;;;;;;;;;;;;;;;;;;;;;;;;;;;;;;;;;;;;;;;;;;;;;;;;Andere;;;;;;5E442515333799030C1A7A29005025285178FD1FEF06A663071E03C88ADAC179E1ED2A7F95EF990C2BB5983AF14A8706D767324CBAFC0E65A797140537A489E0EEF44465446FA21AAF90B400E20D3EF5AEFC803E95424E564E23CCE0EA9327;01-01-0001
100;Unbekannte Route;;;100;unknown estate;;;100;unknown EINGANG;;;100;Unbekannte Nutzeinheit;;;13551750;;;;;;0x02;EMH;0x;0x02;;01.01.0001;0;;;;;;;;;;;;;;;;;;;;;;;;;;;;;;;;;;;;;;;;;;;;;;;;;;;;;;;;;;;;;;;;;;;;;;;;;;;;;;;;;;;;;;;;;;;;;;;;;;;;;;;;;Stromzähler;;;;;;5344A8155017551300028C2024900F002C25F77C1A003CA0442D9758D8AD7A2400300710D3BA78D2C8BF3F0FED3B6AAB869082A1AEB454E0BFB50E12866768B55B384A8231CF6F94969A080A38BA767FA46D14B0;01-01-0001
100;Unbekannte Route;;;100;unknown estate;;;100;unknown EINGANG;;;100;Unbekannte Nutzeinheit;;;04418962;;;;;;0x1a;EIE_C1 EI;0x;0x02;;01.01.0001;0;;;;;;;;;;;;;;;;;;;;;;;;;;;;;;;;;;;;;;;;;;;;;;;;;;;;;;;;;;;;;;;;;;;;;;;;;;;;;;;;;;;;;;;;;;;;;;;;;;;;;;;;;Andere;;;;;;5E442515628941040C1A7A4A005025469D211989896ECC52CDFB9EF3AE959ABA9469253003403B28FB836F111D00ADD9603FE6609BD554D97DF4F46F89A213B6A34611EACE660F39B94181A84849BEA56CBF724D77156636E0B18C5203FFD7;01-01-0001
100;Unbekannte Route;;;100;unknown estate;;;100;unknown EINGANG;;;100;Unbekannte Nutzeinheit;;;20069720;;;;;;0x08;ITW;0x;0x02;;01.01.0001;0;;;;;;;;;;;;;;;;;;;;;;;;;;;;;;;;;;;;;;;;;;;;;;;;;;;;;;;;;;;;;;;;;;;;;;;;;;;;;;;;;;;;;;;;;;;;;;;;;;;;;;;;;Heizkostenverteiler;;;;;;2E4497262097062000087A300020A577EC9663E689DB1AF738FD3B71A7932C6E2C6718591F1A9F7572839EB34C23AF;01-01-0001
100;Unbekannte Route;;;100;unknown estate;;;100;unknown EINGANG;;;100;Unbekannte Nutzeinheit;;;04691119;;;;;;0x08;TCH;0x;0x02;;01.01.0001;0;;;;;;;;;;;;;;;;;;;;;;;;;;;;;;;;;;;;;;;;;;;;;;;;;;;;;;;;;;;;;;;;;;;;;;;;;;;;;;;;;;;;;;;;;;;;;;;;;;;;;;;;;Heizkostenverteiler;;;;;;574468501911690494088C002D900F002C25B05D14002C539E41D7283ED87AB000300710958D804CCC3B5EAD943809CAC4724394E70E7DEACB6C3EE391D8F5C1B86DDC381A8465DD56D5817B0D6E4D255A36EF210F05AE43;01-01-0001
100;Unbekannte Route;;;100;unknown estate;;;100;unknown EINGANG;;;100;Unbekannte Nutzeinheit;;;20068635;;;;;;0x08;ITW;0x;0x02;;01.01.0001;0;;;;;;;;;;;;;;;;;;;;;;;;;;;;;;;;;;;;;;;;;;;;;;;;;;;;;;;;;;;;;;;;;;;;;;;;;;;;;;;;;;;;;;;;;;;;;;;;;;;;;;;;;Heizkostenverteiler;;;;;;2E4497263586062000087AC10020A5032602D6A38493ADA61CFB4B66A2D54E7A943C04ECB275D55AFA410A45EA47B3;01-01-0001
100;Unbekannte Route;;;100;unknown estate;;;100;unknown EINGANG;;;100;Unbekannte Nutzeinheit;;;04567729;;;;;;0x08;TCH;0x;0x02;;01.01.0001;0;;;;;;;;;;;;;;;;;;;;;;;;;;;;;;;;;;;;;;;;;;;;;;;;;;;;;;;;;;;;;;;;;;;;;;;;;;;;;;;;;;;;;;;;;;;;;;;;;;;;;;;;;Heizkostenverteiler;;;;;;574468502977560494088C004B900F002C25161E14002747C1184E9256287A1600300710A96446DA24F79E286B457BAE3658B5ED1B5A819315FA30866C9017C8F76BA8844BEEA3849E415F01BA610C506E99C0C70F5FD6C6;01-01-0001
100;Unbekannte Route;;;100;unknown estate;;;100;unknown EINGANG;;;100;Unbekannte Nutzeinheit;;;50893202;;;;;;0x07;EFE_FAW;0x;0x02;;01.01.0001;0;;;;;;;;;;;;;;;;;;;;;;;;;;;;;;;;;;;;;;;;;;;;;;;;;;;;;;;;;;;;;;;;;;;;;;;;;;;;;;;;;;;;;;;;;;;;;;;;;;;;;;;;;Kaltwasserzähler;;;;;;A144C5140232895070078C20A77AA6009025E5D74B8BBB16674264D58BE3A3EE656E3A0352E1F3338430609DCA504ADA01B4B38AB8E2EAA2F38AD082C969D052E03FE5F6F631CF1CEA64639F218E26D500FF7E32601FDF76F983D8D3E92E06A04DED8A5F7B29CE5386C52BA101B5F27CD76069C7A95892E14919C672F0E5D40FEEDDE6F9F30D0B3679835DF5B9B846530762C5AD0D231C12AC1BF2B7129048748A49;01-01-0001
100;Unbekannte Route;;;100;unknown estate;;;100;unknown EINGANG;;;100;Unbekannte Nutzeinheit;;;50893179;;;;;;0x06;EFE_FAW;0x;0x02;;01.01.0001;0;;;;;;;;;;;;;;;;;;;;;;;;;;;;;;;;;;;;;;;;;;;;;;;;;;;;;;;;;;;;;;;;;;;;;;;;;;;;;;;;;;;;;;;;;;;;;;;;;;;;;;;;;Warmwasserzähler;;;;;;A144C5147931895070068C20B57AB4009025C60F2B038DF91D7DFEC72C7EBAE946A24137DB2522A3A0C6DB94919C26CE3344FDE0757F9189B72965D16609139341CDF784978D440EA4BE1909CFF2C3307C310E40F9CF5851B146E40E10B18635B7553B05096CD45955C46A19EFBD92C2EB5EA5E980D614B13F8E81A8BEF729F890E7968BFC54F17A3527DCD2D9D67024D3CD500ADF9D9E1685383C79EA5D5A638994;01-01-0001
100;Unbekannte Route;;;100;unknown estate;;;100;unknown EINGANG;;;100;Unbekannte Nutzeinheit;;;13551745;;;;;;0x02;EMH;0x;0x02;;01.01.0001;0;;;;;;;;;;;;;;;;;;;;;;;;;;;;;;;;;;;;;;;;;;;;;;;;;;;;;;;;;;;;;;;;;;;;;;;;;;;;;;;;;;;;;;;;;;;;;;;;;;;;;;;;;Stromzähler;;;;;;5344A8154517551300028C202F900F002C25FA7C1A00596091A8C920D5487A2F003007108F9FE76D7643701B0B0F6683A76377B46BAD146DC52CE86B0F3BEAA815E2BA0107458F5B808422095E8A1410F5573304;01-01-0001
100;Unbekannte Route;;;100;unknown estate;;;100;unknown EINGANG;;;100;Unbekannte Nutzeinheit;;;50893187;;;;;;0x06;EFE_FAW;0x;0x02;;01.01.0001;0;;;;;;;;;;;;;;;;;;;;;;;;;;;;;;;;;;;;;;;;;;;;;;;;;;;;;;;;;;;;;;;;;;;;;;;;;;;;;;;;;;;;;;;;;;;;;;;;;;;;;;;;;Warmwasserzähler;;;;;;A144C5148731895070068C20B27AB10090254543457251634922E3216C18F3C694BACF48AD65CF536ED48CC9D36548091EDC7EC59F0CC3A307989D13E396756DE6C72349B502034AC736505D5ED15F136070CA12A8F2D5CDEEC3501CB475151298A040BE2A9F1D9D6AF7639E9CD87E7A6118BF030C5EFD582726AA108E54F96B42DA39E7D05789FDAF7128638957B37619F79881F747C8BD8103E6119A3768B79DC9;01-01-0001
100;Unbekannte Route;;;100;unknown estate;;;100;unknown EINGANG;;;100;Unbekannte Nutzeinheit;;;03993730;;;;;;0x1a;EIE_C1 EI;0x;0x02;;01.01.0001;0;;;;;;;;;;;;;;;;;;;;;;;;;;;;;;;;;;;;;;;;;;;;;;;;;;;;;;;;;;;;;;;;;;;;;;;;;;;;;;;;;;;;;;;;;;;;;;;;;;;;;;;;;Andere;;;;;;5E442515303799030C1A7A270050255B9C7D979C47D954B2DD35F89663E9C3D4E764E03887C83D6CA5B9584938C8A5A9D3F08904F4956F95B7BC0F3F171E7139AD1E5C497169E0FF5242727FAD79BE3DBAE908DA01DD69F1FF638A018630B0;01-01-0001
100;Unbekannte Route;;;100;unknown estate;;;100;unknown EINGANG;;;100;Unbekannte Nutzeinheit;;;00208652;;;;;;0x1a;EIE_C1 EI;0x;0x02;;01.01.0001;0;;;;;;;;;;;;;;;;;;;;;;;;;;;;;;;;;;;;;;;;;;;;;;;;;;;;;;;;;;;;;;;;;;;;;;;;;;;;;;;;;;;;;;;;;;;;;;;;;;;;;;;;;Andere;;;;;;5E442515528620000C1A7A710050256431B9F41B2CC546F303A039B9450219C3B77148ED39C6D362A486FE6A92CE9D70DC97DC8E1DC931F4DF51B154055D4A66998E686995FB91CECCC5FD590EC4EDB1D1A3E46B51533881C30E0B37A3D167;01-01-0001
100;Unbekannte Route;;;100;unknown estate;;;100;unknown EINGANG;;;100;Unbekannte Nutzeinheit;;;14363982;;;;;;0x08;TCH;0x;0x02;;01.01.0001;0;;;;;;;;;;;;;;;;;;;;;;;;;;;;;;;;;;;;;;;;;;;;;;;;;;;;;;;;;;;;;;;;;;;;;;;;;;;;;;;;;;;;;;;;;;;;;;;;;;;;;;;;;Heizkostenverteiler;;;;;;574468508239361494088C0003900F002C2590D111003721925B4AE172597A90883007108B29FE0E203B82EA179BBCD735F6FD5A8FF030324DC307DDBBE3EFD9768B1E9196C24E1B53A3AE6DA02F57FC9857EABF0F6544BB;01-01-0001
100;Unbekannte Route;;;100;unknown estate;;;100;unknown EINGANG;;;100;Unbekannte Nutzeinheit;;;03621268;;;;;;0x1a;EIE_C1 EI;0x;0x02;;01.01.0001;0;;;;;;;;;;;;;;;;;;;;;;;;;;;;;;;;;;;;;;;;;;;;;;;;;;;;;;;;;;;;;;;;;;;;;;;;;;;;;;;;;;;;;;;;;;;;;;;;;;;;;;;;;Andere;;;;;;5E442515681262030C1A7AC7005025832CB6F20D4066F9A795295FB85694372D0E2E4097F676613055B847399358284D3B871E98E64A4CC9833BE76F0E65894FD383035E2385A3E9BD0B0760EC64B78B5F1417C1D87042971EEC2F46B48976;01-01-0001
100;Unbekannte Route;;;100;unknown estate;;;100;unknown EINGANG;;;100;Unbekannte Nutzeinheit;;;50893199;;;;;;0x07;EFE_FAW;0x;0x02;;01.01.0001;0;;;;;;;;;;;;;;;;;;;;;;;;;;;;;;;;;;;;;;;;;;;;;;;;;;;;;;;;;;;;;;;;;;;;;;;;;;;;;;;;;;;;;;;;;;;;;;;;;;;;;;;;;Kaltwasserzähler;;;;;;A144C5149931895070078C20AA7AA900902551FC439CFEDB33772D101879BD84A1AA37AF51F7CD7B21735D31FBC090542C78DC6280C17FB371B54FCF0F24B0D6C851C4127CAC29F04C004EDC054DAFCA6F943D2B710B3FDB1EB596FDE1D9C8B7D276B6817B6CAC7932A17286186653332C13F584EE332BF7F64C028D7C7495483B200F804903274A5F17CD4B0BCE2AE776AC88F40AC54E75002BF527D5974B99CAAF;01-01-0001
100;Unbekannte Route;;;100;unknown estate;;;100;unknown EINGANG;;;100;Unbekannte Nutzeinheit;;;50893190;;;;;;0x07;EFE_FAW;0x;0x02;;01.01.0001;0;;;;;;;;;;;;;;;;;;;;;;;;;;;;;;;;;;;;;;;;;;;;;;;;;;;;;;;;;;;;;;;;;;;;;;;;;;;;;;;;;;;;;;;;;;;;;;;;;;;;;;;;;Kaltwasserzähler;;;;;;A144C5149031895070078C20B17AB0009025879C89577DDAD2A5EAD019B6F16B182BCBC91155FB46C588EA9B7A29380C4750D64F6FF5EEC3F89373A97D0393A899BA461110F2CF9D2CA815CE3CE113D2FE9A070A85BDC6033379B0817B41AB70B06A7BDD926EA9E557C492730A4FE1B2A5508D2337A0280496A0070B2E5901005B310F3CA157FBBC0E614FED2847EFDA2CC89670521245F6FD10E040A32D1D4B9669;01-01-0001
100;Unbekannte Route;;;100;unknown estate;;;100;unknown EINGANG;;;100;Unbekannte Nutzeinheit;;;03621313;;;;;;0x1a;EIE_C1 EI;0x;0x02;;01.01.0001;0;;;;;;;;;;;;;;;;;;;;;;;;;;;;;;;;;;;;;;;;;;;;;;;;;;;;;;;;;;;;;;;;;;;;;;;;;;;;;;;;;;;;;;;;;;;;;;;;;;;;;;;;;Andere;;;;;;5E442515131362030C1A7AE70050255BDBA8F04BC1ADB3C2A38DB16D6C860DAFB6E49F06D4CF0A42B8A46A4DC59AC8AD03B52E1495B7AEE6FFD5A1F1B2168EAFA433CCC91D7F5F71583841DE2CE314643CE7B5B179B299B68BA10EEB97FDED;01-01-0001
100;Unbekannte Route;;;100;unknown estate;;;100;unknown EINGANG;;;100;Unbekannte Nutzeinheit;;;22156181;;;;;;0x08;TCH;0x;0x02;;01.01.0001;0;;;;;;;;;;;;;;;;;;;;;;;;;;;;;;;;;;;;;;;;;;;;;;;;;;;;;;;;;;;;;;;;;;;;;;;;;;;;;;;;;;;;;;;;;;;;;;;;;;;;;;;;;Heizkostenverteiler;;;;;;67446850816115226A088C00AF900F002C2588C40A00932B57586AC5009E7AFA00400710D236AAF4AC6D22E81741DE0161BEF9D3F0DF07A98FB865047ECFAAA2B91AAE4E55B9737DC114D830D6470EC851650F269B6214E8A6BF2CD37E5C99307BFA51A10F65C4D7;01-01-0001
100;Unbekannte Route;;;100;unknown estate;;;100;unknown EINGANG;;;100;Unbekannte Nutzeinheit;;;03993738;;;;;;0x1a;EIE_C1 EI;0x;0x02;;01.01.0001;0;;;;;;;;;;;;;;;;;;;;;;;;;;;;;;;;;;;;;;;;;;;;;;;;;;;;;;;;;;;;;;;;;;;;;;;;;;;;;;;;;;;;;;;;;;;;;;;;;;;;;;;;;Andere;;;;;;5E442515383799030C1A7A26005025401F66E5745FE9138E3609DF14E7E7B797D7DF4A3214FF33AF0D2C37AC3C613613FDF5C4D4334FE4AF6A025F9DDAE3113E3E90CA459FF14CD3C1B4DA5486FD3AAC01780BFA5F7F2F1B229945CE754922;01-01-0001
100;Unbekannte Route;;;100;unknown estate;;;100;unknown EINGANG;;;100;Unbekannte Nutzeinheit;;;03993734;;;;;;0x1a;EIE_C1 EI;0x;0x02;;01.01.0001;0;;;;;;;;;;;;;;;;;;;;;;;;;;;;;;;;;;;;;;;;;;;;;;;;;;;;;;;;;;;;;;;;;;;;;;;;;;;;;;;;;;;;;;;;;;;;;;;;;;;;;;;;;Andere;;;;;;5E442515343799030C1A7A21005025B34A50EE33E00931AC9E79A90C281687C8F502CE657A7836B6E0EF9EBE0B6F8DE7EDAEB8CCC364BC76F5EBFCBDB45ECEAA8FBF65ECEF7C1B334B3565E6187D0BB60C08ACE391C351BFD4A190493CF26B;01-01-0001
100;Unbekannte Route;;;100;unknown estate;;;100;unknown EINGANG;;;100;Unbekannte Nutzeinheit;;;24826837;;;;;;0x08;TCH;0x;0x02;;01.01.0001;0;;;;;;;;;;;;;;;;;;;;;;;;;;;;;;;;;;;;;;;;;;;;;;;;;;;;;;;;;;;;;;;;;;;;;;;;;;;;;;;;;;;;;;;;;;;;;;;;;;;;;;;;;Heizkostenverteiler;;;;;;67446850376882246A088C0052900F002C25F9AC03001E16370A01FE0C7E7A1900400710826BBAF6F8BDBF8A37394B58B06B5039B0884B104F6791F3CCE52BA92E51D6C81B86ED81FB7960C464F8AF8893785E77E1F57EECFB2D8CE89219B10B1B32A0230FE9350E;01-01-0001
100;Unbekannte Route;;;100;unknown estate;;;100;unknown EINGANG;;;100;Unbekannte Nutzeinheit;;;04680760;;;;;;0x08;TCH;0x;0x02;;01.01.0001;0;;;;;;;;;;;;;;;;;;;;;;;;;;;;;;;;;;;;;;;;;;;;;;;;;;;;;;;;;;;;;;;;;;;;;;;;;;;;;;;;;;;;;;;;;;;;;;;;;;;;;;;;;Heizkostenverteiler;;;;;;574468506007680494088C0084900F002C25EC5D1400EC204148CC98CCF27AEC00300710A3E1D1E49F179E8048953A06F68583381AF828653D660C33F4AA96ED6683360F6E7CF3F8051C7726B3A34086073D17680FFA4404;01-01-0001
100;Unbekannte Route;;;100;unknown estate;;;100;unknown EINGANG;;;100;Unbekannte Nutzeinheit;;;13551749;;;;;;0x02;EMH;0x;0x02;;01.01.0001;0;;;;;;;;;;;;;;;;;;;;;;;;;;;;;;;;;;;;;;;;;;;;;;;;;;;;;;;;;;;;;;;;;;;;;;;;;;;;;;;;;;;;;;;;;;;;;;;;;;;;;;;;;Stromzähler;;;;;;5344A8154917551300028C20B8900F002C25FC7C1A0064FB7D2E934723E07AB80030071091FBA1D0D5E1FDF6DC0587A175185E4884CDCD37AA5FDB0B99A9D0B72574E4A1BE527391DC372BECF58EA01A5F5F0511;01-01-0001
100;Unbekannte Route;;;100;unknown estate;;;100;unknown EINGANG;;;100;Unbekannte Nutzeinheit;;;03993728;;;;;;0x1a;EIE_C1 EI;0x;0x02;;01.01.0001;0;;;;;;;;;;;;;;;;;;;;;;;;;;;;;;;;;;;;;;;;;;;;;;;;;;;;;;;;;;;;;;;;;;;;;;;;;;;;;;;;;;;;;;;;;;;;;;;;;;;;;;;;;Andere;;;;;;5E442515283799030C1A7A2800502571847B9C425F2740138B9DEC857407549341FA25F52E3EA4B6637B4B0573EFBB4A570BC97BF5BA6D586331608D4F9C60AFD2EB1D5193E710782E75A771F4092FB817921141B74EF3D1BFB6144F5C3707;01-01-0001
100;Unbekannte Route;;;100;unknown estate;;;100;unknown EINGANG;;;100;Unbekannte Nutzeinheit;;;25826706;;;;;;0x08;TCH;0x;0x02;;01.01.0001;0;;;;;;;;;;;;;;;;;;;;;;;;;;;;;;;;;;;;;;;;;;;;;;;;;;;;;;;;;;;;;;;;;;;;;;;;;;;;;;;;;;;;;;;;;;;;;;;;;;;;;;;;;Heizkostenverteiler;;;;;;67446850066782256A088C0063900F002C25D1800100164E7EBCBF8023697A0600400710BB60DA931C3D5B63D26AE5567E309BDBA5A3124F9400B7E903A3AE942EED2FB5572B73D6FFAB35AA9E2C61FEACE41C834679B8D9D1537850B79F5ADB8984FA540FF445CB;01-01-0001
100;Unbekannte Route;;;100;unknown estate;;;100;unknown EINGANG;;;100;Unbekannte Nutzeinheit;;;03993732;;;;;;0x1a;EIE_C1 EI;0x;0x02;;01.01.0001;0;;;;;;;;;;;;;;;;;;;;;;;;;;;;;;;;;;;;;;;;;;;;;;;;;;;;;;;;;;;;;;;;;;;;;;;;;;;;;;;;;;;;;;;;;;;;;;;;;;;;;;;;;Andere;;;;;;5E442515323799030C1A7A27005025D78D2E1F33479FA015DEED7FFC5CC33EE73AC34C12F08157FDD788C440479D7A784B92B83D48ADC7D404FAEA23FF72ED48F436B77CDA633063222EF0002E1773ECBEEBB633BEAE3E2D224F2AEE2ACD43;01-01-0001
100;Unbekannte Route;;;100;unknown estate;;;100;unknown EINGANG;;;100;Unbekannte Nutzeinheit;;;50893180;;;;;;0x06;EFE_FAW;0x;0x02;;01.01.0001;0;;;;;;;;;;;;;;;;;;;;;;;;;;;;;;;;;;;;;;;;;;;;;;;;;;;;;;;;;;;;;;;;;;;;;;;;;;;;;;;;;;;;;;;;;;;;;;;;;;;;;;;;;Warmwasserzähler;;;;;;A144C5148031895070068C20B57AB4009025675914E135BE35A8B1C7028EEA093D11DA5863A55C5F4646C01EF45059F56491C37AED20B532C971664E46D58CEB755BA4E76B6163D4DDA19D786BE03536C10B5FEB75C4791A8796E7B6E1B37558BBA8CC6FB58BCC7DE8184D5881EF881EEC669531902D83F320672DEE089F5D6DE246799EE9323146D413A1B0D4CE7F5E1B6F9EE8D0AD8B6E47D4D84A552343F13985;01-01-0001
100;Unbekannte Route;;;100;unknown estate;;;100;unknown EINGANG;;;100;Unbekannte Nutzeinheit;;;20186646;;;;;;0x08;ITW;0x;0x02;;01.01.0001;0;;;;;;;;;;;;;;;;;;;;;;;;;;;;;;;;;;;;;;;;;;;;;;;;;;;;;;;;;;;;;;;;;;;;;;;;;;;;;;;;;;;;;;;;;;;;;;;;;;;;;;;;;Heizkostenverteiler;;;;;;2E4497264666182000087A2B0020A53881C79AB2E4AAACAD9FE73F810C7D9FAD4ACF9965AD45B2F6118129C500C731;01-01-0001
100;Unbekannte Route;;;100;unknown estate;;;100;unknown EINGANG;;;100;Unbekannte Nutzeinheit;;;03993740;;;;;;0x1a;EIE_C1 EI;0x;0x02;;01.01.0001;0;;;;;;;;;;;;;;;;;;;;;;;;;;;;;;;;;;;;;;;;;;;;;;;;;;;;;;;;;;;;;;;;;;;;;;;;;;;;;;;;;;;;;;;;;;;;;;;;;;;;;;;;;Andere;;;;;;5E442515403799030C1A7A2400502503D9A78A981B5BF7CED2010D88CD7026D8260286BBC7C8A517406EDDEAAE807E616F802E3F11A5C73C26BF4526047556EC7480AD9D71C12D7A513D4BECCAA80CD288589C842EDC8F43D63792BD82441D;01-01-0001
100;Unbekannte Route;;;100;unknown estate;;;100;unknown EINGANG;;;100;Unbekannte Nutzeinheit;;;13551738;;;;;;0x02;EMH;0x;0x02;;01.01.0001;0;;;;;;;;;;;;;;;;;;;;;;;;;;;;;;;;;;;;;;;;;;;;;;;;;;;;;;;;;;;;;;;;;;;;;;;;;;;;;;;;;;;;;;;;;;;;;;;;;;;;;;;;;Stromzähler;;;;;;5344A8153817551300028C20C6900F002C25057D1A007EB2367F442CE8DA7AC600300710E0BA613E9F953033745D2DEE90A02E67D540E48FA727769A47DBD6FCA8777DEFBBA3E436516206F72308810210617F9E;01-01-0001
100;Unbekannte Route;;;100;unknown estate;;;100;unknown EINGANG;;;100;Unbekannte Nutzeinheit;;;03993736;;;;;;0x1a;EIE_C1 EI;0x;0x02;;01.01.0001;0;;;;;;;;;;;;;;;;;;;;;;;;;;;;;;;;;;;;;;;;;;;;;;;;;;;;;;;;;;;;;;;;;;;;;;;;;;;;;;;;;;;;;;;;;;;;;;;;;;;;;;;;;Andere;;;;;;5E442515363799030C1A7A240050254C42F1A0EBDBF174C00B008F4DCAC64BC0EC341BA97563FE78AB1C615A2C3428A49B81ABE2C6D9DE515AF6688A79A8A842C94E1F0DA4A354B844968DA29BB9DCE0BC7CCBDF4ECE2DF414B178F5E2F705;01-01-0001
100;Unbekannte Route;;;100;unknown estate;;;100;unknown EINGANG;;;100;Unbekannte Nutzeinheit;;;13551736;;;;;;0x02;EMH;0x;0x02;;01.01.0001;0;;;;;;;;;;;;;;;;;;;;;;;;;;;;;;;;;;;;;;;;;;;;;;;;;;;;;;;;;;;;;;;;;;;;;;;;;;;;;;;;;;;;;;;;;;;;;;;;;;;;;;;;;Stromzähler;;;;;;5344A8153617551300028C2010900F002C25067D1A004F317B668515F9767A10003007101540F8B73F871C88D63788C11356DA3AB3FF4ADC20B47217ED9A3635DAF280635BFEAB6CEAEB3A7DCCFCB85EEC18223B;01-01-0001
100;Unbekannte Route;;;100;unknown estate;;;100;unknown EINGANG;;;100;Unbekannte Nutzeinheit;;;14205640;;;;;;0x08;TCH;0x;0x02;;01.01.0001;0;;;;;;;;;;;;;;;;;;;;;;;;;;;;;;;;;;;;;;;;;;;;;;;;;;;;;;;;;;;;;;;;;;;;;;;;;;;;;;;;;;;;;;;;;;;;;;;;;;;;;;;;;Heizkostenverteiler;;;;;;574468504056201494088C0029900F002C25925D14004D58A4F0ACD536017A9200300710BCCFD51DA213006065682BB628CBC0E1362D1E72E201005526FBD1B3DBE5715925C05AF48D9F20B3D0689BC8F641A8A90F7C557B;01-01-0001
100;Unbekannte Route;;;100;unknown estate;;;100;unknown EINGANG;;;100;Unbekannte Nutzeinheit;;;50893178;;;;;;0x06;EFE_FAW;0x;0x02;;01.01.0001;0;;;;;;;;;;;;;;;;;;;;;;;;;;;;;;;;;;;;;;;;;;;;;;;;;;;;;;;;;;;;;;;;;;;;;;;;;;;;;;;;;;;;;;;;;;;;;;;;;;;;;;;;;Warmwasserzähler;;;;;;A144C5147831895070068C20B57AB4009025EA25D5A71B4681F89E316342566299643F3D2CC465C3DA6561AFA1F45D90BD573C461936CAB4779E5FA33979E9F6E77BC33F3CCA35CEB43D3C11869DB1E7D1C216C32DDDAF478DF02FAD8E0E93D973D4756A4DA4F554465FEFDEFFC87755CBCC3A65F044B8FD2755525B7A6B7E48C9C5EAD99204CF05992974E1C2F76B872D32234C4C656BEA671823BB528E8B0A02C2;01-01-0001
100;Unbekannte Route;;;100;unknown estate;;;100;unknown EINGANG;;;100;Unbekannte Nutzeinheit;;;24826497;;;;;;0x08;TCH;0x;0x02;;01.01.0001;0;;;;;;;;;;;;;;;;;;;;;;;;;;;;;;;;;;;;;;;;;;;;;;;;;;;;;;;;;;;;;;;;;;;;;;;;;;;;;;;;;;;;;;;;;;;;;;;;;;;;;;;;;Heizkostenverteiler;;;;;;67446850976482246A088C0077900F002C2501AD0300E362FBED5482155B7AB700400710145B56A62F2F7FB7825C5DD9E1DB32FFEC49DF4679A32D24A73675BF5D00F3686CD88A2B1733D6CB6CCBDBBBDD133BD612F448349F05F55E8C957733694E0B980F4B9BE6;01-01-0001
100;Unbekannte Route;;;100;unknown estate;;;100;unknown EINGANG;;;100;Unbekannte Nutzeinheit;;;03993726;;;;;;0x1a;EIE_C1 EI;0x;0x02;;01.01.0001;0;;;;;;;;;;;;;;;;;;;;;;;;;;;;;;;;;;;;;;;;;;;;;;;;;;;;;;;;;;;;;;;;;;;;;;;;;;;;;;;;;;;;;;;;;;;;;;;;;;;;;;;;;Andere;;;;;;5E442515263799030C1A7A260050250448D4F09B26394CEB5DCC465436C4C205B94B7511CC046E23C91E98010574B9DB4A94DFC3D82F836B8D8A3B24E7B838279807755F39CDD489F5567F5149AFE41FCE904A073B69E80712F0C4A9A4D971;01-01-0001
100;Unbekannte Route;;;100;unknown estate;;;100;unknown EINGANG;;;100;Unbekannte Nutzeinheit;;;50893188;;;;;;0x06;EFE_FAW;0x;0x02;;01.01.0001;0;;;;;;;;;;;;;;;;;;;;;;;;;;;;;;;;;;;;;;;;;;;;;;;;;;;;;;;;;;;;;;;;;;;;;;;;;;;;;;;;;;;;;;;;;;;;;;;;;;;;;;;;;Warmwasserzähler;;;;;;A144C5148831895070068C20B27AB10090254F50AADCAA4EEF9525AE27CF636EFC971F29C928E6141F48831C6186978A07CCE412F7C425D5D4EDBC28F0E03BD290F73BA45CA8206A54850CF38922348FD46E39FDFFBE138C5B33564F5FCE1A9AEF4F8B3AE4605E4524D445275E90231AFA2E05C9B90F0815514392851B68B771B1ABECF8DD17C085F727E76CE5A8F82DE7889DA2804E23646185F390E640D255CB71;01-01-0001
100;Unbekannte Route;;;100;unknown estate;;;100;unknown EINGANG;;;100;Unbekannte Nutzeinheit;;;21075036;;;;;;0x08;ITW;0x;0x02;;01.01.0001;0;;;;;;;;;;;;;;;;;;;;;;;;;;;;;;;;;;;;;;;;;;;;;;;;;;;;;;;;;;;;;;;;;;;;;;;;;;;;;;;;;;;;;;;;;;;;;;;;;;;;;;;;;Heizkostenverteiler;;;;;;2E4497263650072100087A520020A5DB9C56CFE5032C535148385910CB807BE891107B7CFB3904953989755953A685;01-01-0001
100;Unbekannte Route;;;100;unknown estate;;;100;unknown EINGANG;;;100;Unbekannte Nutzeinheit;;;13551740;;;;;;0x02;EMH;0x;0x02;;01.01.0001;0;;;;;;;;;;;;;;;;;;;;;;;;;;;;;;;;;;;;;;;;;;;;;;;;;;;;;;;;;;;;;;;;;;;;;;;;;;;;;;;;;;;;;;;;;;;;;;;;;;;;;;;;;Stromzähler;;;;;;5344A8154017551300028C2028900F002C25FF7C1A00A99FA05CFF35B7967A28003007109D50289F0A104512412EDFB3CC9908F23FA34D94D8FC74AF748155DD8763679C7F913CF324BCFE59E7BBEF761521D214;01-01-0001
100;Unbekannte Route;;;100;unknown estate;;;100;unknown EINGANG;;;100;Unbekannte Nutzeinheit;;;50893196;;;;;;0x07;EFE_FAW;0x;0x02;;01.01.0001;0;;;;;;;;;;;;;;;;;;;;;;;;;;;;;;;;;;;;;;;;;;;;;;;;;;;;;;;;;;;;;;;;;;;;;;;;;;;;;;;;;;;;;;;;;;;;;;;;;;;;;;;;;Kaltwasserzähler;;;;;;A144C5149631895070078C20AC7AAB009025AA3E7035E5FECAC755CBD2DED65D65B69C57B07EE061831B8A99A6E5C9EC2E48BAB0E24602E93C6CB0FEACE0712F1B466EC36DE525F5F9F0A9C6523DEDA8FEF9ACB742F18316DA85CB559EE1042F1996C90A727863E116DFB3298BF6313A0F23710A49E6C9626E4675463472A880A695D6AAC2229BFDB74D2EA22A8150DD8B33112223D801FF52566C6FCCB83BBDDA89;01-01-0001
100;Unbekannte Route;;;100;unknown estate;;;100;unknown EINGANG;;;100;Unbekannte Nutzeinheit;;;25779916;;;;;;0x08;TCH;0x;0x02;;01.01.0001;0;;;;;;;;;;;;;;;;;;;;;;;;;;;;;;;;;;;;;;;;;;;;;;;;;;;;;;;;;;;;;;;;;;;;;;;;;;;;;;;;;;;;;;;;;;;;;;;;;;;;;;;;;Heizkostenverteiler;;;;;;67446850169977256A088C000F900F002C2522810100AD911FD5E7BCB46E7A330040071067E734570691ECAC79F1B5D2E7D275C88BB267B89DD70948AFF4A02AA966CB160F10AAD81F6E431BFDD573B30D2180B93DFE3711A158ADDF8A61E60EBFB4CC880F833511;01-01-0001
100;Unbekannte Route;;;100;unknown estate;;;100;unknown EINGANG;;;100;Unbekannte Nutzeinheit;;;50893198;;;;;;0x07;EFE_FAW;0x;0x02;;01.01.0001;0;;;;;;;;;;;;;;;;;;;;;;;;;;;;;;;;;;;;;;;;;;;;;;;;;;;;;;;;;;;;;;;;;;;;;;;;;;;;;;;;;;;;;;;;;;;;;;;;;;;;;;;;;Kaltwasserzähler;;;;;;A144C5149831895070078C20AA7AA90090256D7B7AF696A4FBA17DA426BA8BFBB6A5AF11F27BEB8DB40985AC5C8F92B648DBC15790EFAC16AC4AF28C9F6E256B61ABE01E90DCBBCC7481B2611D11C3B3B44294FF61FD3AB1020CC974869A6F71220551EFF1D92F9BF9E114962CF490247E5387ABA8A5078F6C9C91837A1495177F0966C5C0042A435C109CD3F1C53103E0A07A2F11C05A9019A500F743D396826ABD;01-01-0001
100;Unbekannte Route;;;100;unknown estate;;;100;unknown EINGANG;;;100;Unbekannte Nutzeinheit;;;50893183;;;;;;0x06;EFE_FAW;0x;0x02;;01.01.0001;0;;;;;;;;;;;;;;;;;;;;;;;;;;;;;;;;;;;;;;;;;;;;;;;;;;;;;;;;;;;;;;;;;;;;;;;;;;;;;;;;;;;;;;;;;;;;;;;;;;;;;;;;;Warmwasserzähler;;;;;;A144C5148331895070068C20B37AB20090256B5A3BE55A196AE66147CE02BE91CD27CE4C9C3740F56A745DE7931AF58347DAA503542D8D9DCC70CCE1797E26664CA8BC430420DADD99BDD540F14C981D8E95AE8FBD7F584C538704650577E451154BF8CB835E21ADF3943884BF8FC01D79CDFF17EF42CBE0E7548D409297EC051FBD3FCE9387F59FC8901A2E6164F5CEFE0E2271C3D2E34113451BF4E9E6D8A83125;01-01-0001
100;Unbekannte Route;;;100;unknown estate;;;100;unknown EINGANG;;;100;Unbekannte Nutzeinheit;;;50893189;;;;;;0x06;EFE_FAW;0x;0x02;;01.01.0001;0;;;;;;;;;;;;;;;;;;;;;;;;;;;;;;;;;;;;;;;;;;;;;;;;;;;;;;;;;;;;;;;;;;;;;;;;;;;;;;;;;;;;;;;;;;;;;;;;;;;;;;;;;Warmwasserzähler;;;;;;A144C5148931895070068C20B27AB100902509A9139203496EC3EEA187DBCBBEFF5EB8218B3DFF383DFE6BE19D40BE5C2EE752728FFD34D0F192A399349E686BF4FF80F8259C646B9FA9FC72D6DC0444A1A3CC83E014DCDE6621EC33F165D6ADD7666587F1D926AA818B7C9528ADF7E09824FF0E4A7962D779C02A26A5A8BC37D1330BF8DE673890A22E95F37632319DEDFEED15D32A2D1186569AE9C1035EE3C038;01-01-0001
100;Unbekannte Route;;;100;unknown estate;;;100;unknown EINGANG;;;100;Unbekannte Nutzeinheit;;;50893191;;;;;;0x07;EFE_FAW;0x;0x02;;01.01.0001;0;;;;;;;;;;;;;;;;;;;;;;;;;;;;;;;;;;;;;;;;;;;;;;;;;;;;;;;;;;;;;;;;;;;;;;;;;;;;;;;;;;;;;;;;;;;;;;;;;;;;;;;;;Kaltwasserzähler;;;;;;A144C5149131895070078C20B17AB0009025B4E695C9ED359A7BAA21980485C97F5ACB9E394A0D1684D3ACFB612D4A80B64413E00C57FD829AD4C7C6B3B11AF2EE3A81729367780EB317EF6B31204B774255E1B8C7367E48B19F14536E7312B8816F196DA6215ECC04E19B400FCAF424EAC1F64B462C712641DC394AA8491A07FA0B16E325E8463CEF50473F57B57F73F984D7E3E367CC95C11CFA41B5ACC314F6B0;01-01-0001
100;Unbekannte Route;;;100;unknown estate;;;100;unknown EINGANG;;;100;Unbekannte Nutzeinheit;;;14319990;;;;;;0x08;TCH;0x;0x02;;01.01.0001;0;;;;;;;;;;;;;;;;;;;;;;;;;;;;;;;;;;;;;;;;;;;;;;;;;;;;;;;;;;;;;;;;;;;;;;;;;;;;;;;;;;;;;;;;;;;;;;;;;;;;;;;;;Heizkostenverteiler;;;;;;574468509099311494088C000D900F002C25035E1400B5425247954A93FE7A1500300710C8D5AD7643DC37A52DD14CA5773754BFBD7EC95B8CC188062F7060AF61D54627B5F1EFC4CCB16991EDA3A4570B8486D50FA37023;01-01-0001
100;Unbekannte Route;;;100;unknown estate;;;100;unknown EINGANG;;;100;Unbekannte Nutzeinheit;;;04567721;;;;;;0x08;TCH;0x;0x02;;01.01.0001;0;;;;;;;;;;;;;;;;;;;;;;;;;;;;;;;;;;;;;;;;;;;;;;;;;;;;;;;;;;;;;;;;;;;;;;;;;;;;;;;;;;;;;;;;;;;;;;;;;;;;;;;;;Heizkostenverteiler;;;;;;574468502177560494088C00FD900F002C25111E14009945EF9F9B557F6D7A1100300710808F2CD50F2C5EAF7558F3E2F82DAA69020DCF8D20ED6B028CF7887FBA93F0BDE0166096C2FB71EEA828329813F1792F0F415604;01-01-0001
100;Unbekannte Route;;;100;unknown estate;;;100;unknown EINGANG;;;100;Unbekannte Nutzeinheit;;;00208653;;;;;;0x1a;EIE_C1 EI;0x;0x02;;01.01.0001;0;;;;;;;;;;;;;;;;;;;;;;;;;;;;;;;;;;;;;;;;;;;;;;;;;;;;;;;;;;;;;;;;;;;;;;;;;;;;;;;;;;;;;;;;;;;;;;;;;;;;;;;;;Andere;;;;;;5E442515538620000C1A7ABA005025A381A428765E791D3743E59ED062D246513F98A999148E3FF6933D7935A9903E51658C09AEE6C72DFC8E45F66C5FA822BC76C8A8010CCE0DD94A357C0DC1F3BB8B6180AE391B0582BEDF6A5FAB71F3DE;01-01-0001
100;Unbekannte Route;;;100;unknown estate;;;100;unknown EINGANG;;;100;Unbekannte Nutzeinheit;;;04030960;;;;;;0x1a;EIE_C1 EI;0x;0x02;;01.01.0001;0;;;;;;;;;;;;;;;;;;;;;;;;;;;;;;;;;;;;;;;;;;;;;;;;;;;;;;;;;;;;;;;;;;;;;;;;;;;;;;;;;;;;;;;;;;;;;;;;;;;;;;;;;Andere;;;;;;5E442515600903040C1A7A2200502544BD5CFE9A70A1ABCFC22BF8C20EDA9436F2711FF0F79946B482031C97D14C03B62B47EAD736056B4497A5528795EC3D75845838A6F337D1795BED23F5202AFFC56243A50C3D17363DACFA5DB8ECC272;01-01-0001
100;Unbekannte Route;;;100;unknown estate;;;100;unknown EINGANG;;;100;Unbekannte Nutzeinheit;;;14205633;;;;;;0x08;TCH;0x;0x02;;01.01.0001;0;;;;;;;;;;;;;;;;;;;;;;;;;;;;;;;;;;;;;;;;;;;;;;;;;;;;;;;;;;;;;;;;;;;;;;;;;;;;;;;;;;;;;;;;;;;;;;;;;;;;;;;;;Heizkostenverteiler;;;;;;574468503356201494088C00DE900F002C25FE5D1400DECFB0815624B2807AFE003007105715A04BA2566961CF46CDFB932AEB42434B5C8F689F9D9AF6847F1058095B4159CC00B93205DA2251C5D81E0059AE2F0F8F5752;01-01-0001
100;Unbekannte Route;;;100;unknown estate;;;100;unknown EINGANG;;;100;Unbekannte Nutzeinheit;;;03195963;;;;;;0x08;MWU;0x;0x02;;01.01.0001;0;;;;;;;;;;;;;;;;;;;;;;;;;;;;;;;;;;;;;;;;;;;;;;;;;;;;;;;;;;;;;;;;;;;;;;;;;;;;;;;;;;;;;;;;;;;;;;;;;;;;;;;;;Heizkostenverteiler;;;;;;5344F5366359190312088C2057900F002C255603000099CC5D33015506E17A5700200710713A9E7B513B7D676B18078642C2AB3B6F4390FDE56873B21B7AC6A80D9A93380F800C00010900DA8B3F0014011F080A;01-01-0001
100;Unbekannte Route;;;100;unknown estate;;;100;unknown EINGANG;;;100;Unbekannte Nutzeinheit;;;50893200;;;;;;0x07;EFE_FAW;0x;0x02;;01.01.0001;0;;;;;;;;;;;;;;;;;;;;;;;;;;;;;;;;;;;;;;;;;;;;;;;;;;;;;;;;;;;;;;;;;;;;;;;;;;;;;;;;;;;;;;;;;;;;;;;;;;;;;;;;;Kaltwasserzähler;;;;;;A144C5140032895070078C20AA7AA900902526BB35387335457FEE21D0177873806DDEE00F0DB4BBD6806D2100C15F91B946BEF2A2B14DA2FED9CADB29C79517F050D5C478FAEE612B8AA5A4FF46C188CEE6A9AC2B522EAFF234B5536F6D7C5AFE6E36EDE69C5C3B81B595FED0029BD4315BA0BEF973DF7BB6BDBA185C2B9C346309F355EB371DEC135472D96571804111000B613A560F499B32ECE79F154BD98AF9;01-01-0001
100;Unbekannte Route;;;100;unknown estate;;;100;unknown EINGANG;;;100;Unbekannte Nutzeinheit;;;22156176;;;;;;0x08;TCH;0x;0x02;;01.01.0001;0;;;;;;;;;;;;;;;;;;;;;;;;;;;;;;;;;;;;;;;;;;;;;;;;;;;;;;;;;;;;;;;;;;;;;;;;;;;;;;;;;;;;;;;;;;;;;;;;;;;;;;;;;Heizkostenverteiler;;;;;;67446850766115226A088C0069900F002C255CC40A0072AA24827D122D5D7A9900400710DE18FCF87780E2925BC4A6B305E675B46377B45CCD0A17CD087E35CCB977357F275A463487D8B862D889DF130BBCC67046174CE96B9A6925BA3A973F0CDBE61D0F78D951;01-01-0001
100;Unbekannte Route;;;100;unknown estate;;;100;unknown EINGANG;;;100;Unbekannte Nutzeinheit;;;00208659;;;;;;0x1a;EIE_C1 EI;0x;0x02;;01.01.0001;0;;;;;;;;;;;;;;;;;;;;;;;;;;;;;;;;;;;;;;;;;;;;;;;;;;;;;;;;;;;;;;;;;;;;;;;;;;;;;;;;;;;;;;;;;;;;;;;;;;;;;;;;;Andere;;;;;;5E442515598620000C1A7A2700502506A536458009AFC249C52D256E64219B489198D71557A7FFEF38D0F75113DEBE1730501AF95DADE3BCAFDA704EB392EE23241D70433D4BFF9776845A97CF8D8F18F45359562132C4D6BFE29086C44FBA;01-01-0001
100;Unbekannte Route;;;100;unknown estate;;;100;unknown EINGANG;;;100;Unbekannte Nutzeinheit;;;50893197;;;;;;0x07;EFE_FAW;0x;0x02;;01.01.0001;0;;;;;;;;;;;;;;;;;;;;;;;;;;;;;;;;;;;;;;;;;;;;;;;;;;;;;;;;;;;;;;;;;;;;;;;;;;;;;;;;;;;;;;;;;;;;;;;;;;;;;;;;;Kaltwasserzähler;;;;;;A144C5149731895070078C20AC7AAB009025F7FD23DFEA9C45C85D2996B1CFCC119EE83D6FED718F7474145FB74B3E8FB72CB00C3741AC334646F8594AB50F5F155CC2A8C9DC952885353F717C9BB10D4B260874E792BCB46067C3168C29EE40A7F0FED9217DC876AE67773C47AE0960E119910F811662E36C0B3BE5EFC9AE47E05CBD611014FB38CCC0CF868C780BC76BE47F83EC5998ECB630BE98915A745960B6;01-01-0001
100;Unbekannte Route;;;100;unknown estate;;;100;unknown EINGANG;;;100;Unbekannte Nutzeinheit;;;04609886;;;;;;0x1a;EIE_C1 EI;0x;0x02;;01.01.0001;0;;;;;;;;;;;;;;;;;;;;;;;;;;;;;;;;;;;;;;;;;;;;;;;;;;;;;;;;;;;;;;;;;;;;;;;;;;;;;;;;;;;;;;;;;;;;;;;;;;;;;;;;;Andere;;;;;;5E442515869860040C1A7A4E0050257BB23E1CC265AD40D6C06C8BA03180AC9B7FD519947369AE138CAFF656D479FAE9CA56BD034A09EE8585533C959EF1B8AC86329BD4C0E4B1E066B0120E339E443388E682ADE7DE20B1722401DC804ECB;01-01-0001
100;Unbekannte Route;;;100;unknown estate;;;100;unknown EINGANG;;;100;Unbekannte Nutzeinheit;;;20186598;;;;;;0x08;ITW;0x;0x02;;01.01.0001;0;;;;;;;;;;;;;;;;;;;;;;;;;;;;;;;;;;;;;;;;;;;;;;;;;;;;;;;;;;;;;;;;;;;;;;;;;;;;;;;;;;;;;;;;;;;;;;;;;;;;;;;;;Heizkostenverteiler;;;;;;2E4497269865182000087A240020A592B4BBD104FCB5FEB9D43E913FF39F43FA937D144AB4B6A0F1BAA777F2B5B609;01-01-0001
100;Unbekannte Route;;;100;unknown estate;;;100;unknown EINGANG;;;100;Unbekannte Nutzeinheit;;;04609884;;;;;;0x1a;EIE_C1 EI;0x;0x02;;01.01.0001;0;;;;;;;;;;;;;;;;;;;;;;;;;;;;;;;;;;;;;;;;;;;;;;;;;;;;;;;;;;;;;;;;;;;;;;;;;;;;;;;;;;;;;;;;;;;;;;;;;;;;;;;;;Andere;;;;;;5E442515849860040C1A7A4D005025B23476EE71CA77C0E2779E80AE4295C9D55740734AF5128AD8275A656BC4E18ECAD08ED071E9FAC87E97614929E255F92AAD0DE2F3C287A1152E4ED14B7411DDF5A42B60DE75C39716737CFA3D47812A;01-01-0001
100;Unbekannte Route;;;100;unknown estate;;;100;unknown EINGANG;;;100;Unbekannte Nutzeinheit;;;14319983;;;;;;0x08;TCH;0x;0x02;;01.01.0001;0;;;;;;;;;;;;;;;;;;;;;;;;;;;;;;;;;;;;;;;;;;;;;;;;;;;;;;;;;;;;;;;;;;;;;;;;;;;;;;;;;;;;;;;;;;;;;;;;;;;;;;;;;Heizkostenverteiler;;;;;;574468508399311494088C00B9900F002C25D15D14001EF97F37CF7DF5597ADB0030071080E95AA2C76553DB56C44B6A229F801F8363680C2A9A7E0F90EAC8742143463837BC4998B5E019F8738AF8876E77287D0F1A5764;01-01-0001
100;Unbekannte Route;;;100;unknown estate;;;100;unknown EINGANG;;;100;Unbekannte Nutzeinheit;;;50893184;;;;;;0x06;EFE_FAW;0x;0x02;;01.01.0001;0;;;;;;;;;;;;;;;;;;;;;;;;;;;;;;;;;;;;;;;;;;;;;;;;;;;;;;;;;;;;;;;;;;;;;;;;;;;;;;;;;;;;;;;;;;;;;;;;;;;;;;;;;Warmwasserzähler;;;;;;A144C5148431895070068C20B37AB2009025A498A3DB58E63C08C15E7FC3885597C77DBAC6300DB4496F66C3F032887E36B1079C45927973B151813FBB0BB0B6F15957CBF890A04098E45471FD0BE39FB8B15F292485806BFE34986F8E5E9D6471B9C6E9C687A38533634E6DCA1D5CECF177407EE317E4120F819BE5364261D75759BB995EF8A3A7CAF5AE79D001E6EBCC965ADAF05774CCC1DE9387DA69DF9DB4A2;01-01-0001
100;Unbekannte Route;;;100;unknown estate;;;100;unknown EINGANG;;;100;Unbekannte Nutzeinheit;;;14232369;;;;;;0x08;TCH;0x;0x02;;01.01.0001;0;;;;;;;;;;;;;;;;;;;;;;;;;;;;;;;;;;;;;;;;;;;;;;;;;;;;;;;;;;;;;;;;;;;;;;;;;;;;;;;;;;;;;;;;;;;;;;;;;;;;;;;;;Heizkostenverteiler;;;;;;574468506923231494088C00B6900F002C25425E14007418672D8551DF2C7A4200300710FE69E49A41738984E80722C1DF9392D2E27374E23E798660BDC9F83572DB9B2412476374B9801A27D140825746DFF8E90FC138AF;01-01-0001
100;Unbekannte Route;;;100;unknown estate;;;100;unknown EINGANG;;;100;Unbekannte Nutzeinheit;;;14319998;;;;;;0x08;TCH;0x;0x02;;01.01.0001;0;;;;;;;;;;;;;;;;;;;;;;;;;;;;;;;;;;;;;;;;;;;;;;;;;;;;;;;;;;;;;;;;;;;;;;;;;;;;;;;;;;;;;;;;;;;;;;;;;;;;;;;;;Heizkostenverteiler;;;;;;574468509899311494088C00DF900F002C25EC5D1400B47CBAE9B657F7417AFE00300710BA0EEFF36F2409729D4E07942D05C49FC4A7F1655D19AD3B623127F375383AC63236A1D6B18C6F4A1A362BD0BB0C3A820FAC4B5F;01-01-0001
100;Unbekannte Route;;;100;unknown estate;;;100;unknown EINGANG;;;100;Unbekannte Nutzeinheit;;;04545877;;;;;;0x08;TCH;0x;0x02;;01.01.0001;0;;;;;;;;;;;;;;;;;;;;;;;;;;;;;;;;;;;;;;;;;;;;;;;;;;;;;;;;;;;;;;;;;;;;;;;;;;;;;;;;;;;;;;;;;;;;;;;;;;;;;;;;;Heizkostenverteiler;;;;;;574468507758540494088C0005900F002C255A1E1400024722AEC07A538B7A5A003007100B0F5560D09A2B1E60737703A4324A2738A39DC3DCA0398DDEA48784FE91FA984CD4BF55FEBAB49569F00AC4D31321D00F13F157;01-01-0001
100;Unbekannte Route;;;100;unknown estate;;;100;unknown EINGANG;;;100;Unbekannte Nutzeinheit;;;15106221;;;;;;0x08;TCH;0x;0x02;;01.01.0001;0;;;;;;;;;;;;;;;;;;;;;;;;;;;;;;;;;;;;;;;;;;;;;;;;;;;;;;;;;;;;;;;;;;;;;;;;;;;;;;;;;;;;;;;;;;;;;;;;;;;;;;;;;Heizkostenverteiler;;;;;;574468502162101594088C00A7900F002C2505FF0D001CAEF2A1B32FA8B27A050030071059AB9A055A9AD70B1A3D67F273F79266EAA4D82F13A6450C83DCE9020322813F65945EE17697DAB3CFB163CF69DAC1690F5FC247;01-01-0001
100;Unbekannte Route;;;100;unknown estate;;;100;unknown EINGANG;;;100;Unbekannte Nutzeinheit;;;03993735;;;;;;0x1a;EIE_C1 EI;0x;0x02;;01.01.0001;0;;;;;;;;;;;;;;;;;;;;;;;;;;;;;;;;;;;;;;;;;;;;;;;;;;;;;;;;;;;;;;;;;;;;;;;;;;;;;;;;;;;;;;;;;;;;;;;;;;;;;;;;;Andere;;;;;;5E442515353799030C1A7A25005025B8A3FB189E0AFA62D7E124E5CDAAD709A7B8E4B82428BF8F656FDDF5966A9FE7D8F0ED7994778C2EEB68E69EBD1808BAE4C8AC9D5218CB640315A69B252E71411B2F13EB80918DE11A378A865257A98A;01-01-0001
100;Unbekannte Route;;;100;unknown estate;;;100;unknown EINGANG;;;100;Unbekannte Nutzeinheit;;;04030961;;;;;;0x1a;EIE_C1 EI;0x;0x02;;01.01.0001;0;;;;;;;;;;;;;;;;;;;;;;;;;;;;;;;;;;;;;;;;;;;;;;;;;;;;;;;;;;;;;;;;;;;;;;;;;;;;;;;;;;;;;;;;;;;;;;;;;;;;;;;;;Andere;;;;;;5E442515610903040C1A7A290050258C3CAABA4ABCDF849A77CA0E751B1A5C59BA27E9A5F0349DDF5B0BCE167BAE7352ECAC70933B41D646E8EE4EB1E13D8CFA05666ED98099FE7B0F9B5E7D918F1A00A44F8794786916F0E49434FA477E09;01-01-0001
100;Unbekannte Route;;;100;unknown estate;;;100;unknown EINGANG;;;100;Unbekannte Nutzeinheit;;;14319918;;;;;;0x08;TCH;0x;0x02;;01.01.0001;0;;;;;;;;;;;;;;;;;;;;;;;;;;;;;;;;;;;;;;;;;;;;;;;;;;;;;;;;;;;;;;;;;;;;;;;;;;;;;;;;;;;;;;;;;;;;;;;;;;;;;;;;;Heizkostenverteiler;;;;;;574468501899311494088C00A2900F002C25005E14005AAAE27580F8E0B97A1E00300710A99FB8D7EEBB11B84899206A48EC6DF75F0D3E94321C63E06D62EC5A8E2B99071FA3198F3FA59280BEA58A35065BAE070F5C6193;01-01-0001
100;Unbekannte Route;;;100;unknown estate;;;100;unknown EINGANG;;;100;Unbekannte Nutzeinheit;;;04691115;;;;;;0x08;TCH;0x;0x02;;01.01.0001;0;;;;;;;;;;;;;;;;;;;;;;;;;;;;;;;;;;;;;;;;;;;;;;;;;;;;;;;;;;;;;;;;;;;;;;;;;;;;;;;;;;;;;;;;;;;;;;;;;;;;;;;;;Heizkostenverteiler;;;;;;574468501511690494088C00C1900F002C25E25D1400E07BC1E4F1BD016D7AE200300710595457731B70FA78A109424B8A9B1199C2A2F9FF29C28AAF942CC569A6BB0999466E14248300745E5BCE0F9BABB9DBF20FC64E7B;01-01-0001
100;Unbekannte Route;;;100;unknown estate;;;100;unknown EINGANG;;;100;Unbekannte Nutzeinheit;;;24826548;;;;;;0x08;TCH;0x;0x02;;01.01.0001;0;;;;;;;;;;;;;;;;;;;;;;;;;;;;;;;;;;;;;;;;;;;;;;;;;;;;;;;;;;;;;;;;;;;;;;;;;;;;;;;;;;;;;;;;;;;;;;;;;;;;;;;;;Heizkostenverteiler;;;;;;3E446850486582246A088C2082900F002C2534AD03009E5ABC683F57F34F7A02001007101CB0F24CA8C2AD481A1349B8D8E24C230F0FA815B866561ABF2B14;01-01-0001
100;Unbekannte Route;;;100;unknown estate;;;100;unknown EINGANG;;;100;Unbekannte Nutzeinheit;;;04723151;;;;;;0x08;TCH;0x;0x02;;01.01.0001;0;;;;;;;;;;;;;;;;;;;;;;;;;;;;;;;;;;;;;;;;;;;;;;;;;;;;;;;;;;;;;;;;;;;;;;;;;;;;;;;;;;;;;;;;;;;;;;;;;;;;;;;;;Heizkostenverteiler;;;;;;574468505131720494088C007B900F002C25E2EB13007066A7E2631CA0A27AE200300710A7F8DECF1C85FFFCA2A350BAF411C8B218841D4DA54B05A435FC4167DD6FFA19F8908DDA17620ADEEDCA506A2D7D5E9F0F9E7E71;01-01-0001
100;Unbekannte Route;;;100;unknown estate;;;100;unknown EINGANG;;;100;Unbekannte Nutzeinheit;;;04691114;;;;;;0x08;TCH;0x;0x02;;01.01.0001;0;;;;;;;;;;;;;;;;;;;;;;;;;;;;;;;;;;;;;;;;;;;;;;;;;;;;;;;;;;;;;;;;;;;;;;;;;;;;;;;;;;;;;;;;;;;;;;;;;;;;;;;;;Heizkostenverteiler;;;;;;574468501411690494088C009B900F002C25015E1400AB1D1673123365FB7A0B00300710209F9A2F7AD5CABD0477F4A81FA4018EDEA50E207593DBE87CCF54D83437779D1E9C0588AAC3D40A3DC63973A72CE10D0F768B59;01-01-0001
100;Unbekannte Route;;;100;unknown estate;;;100;unknown EINGANG;;;100;Unbekannte Nutzeinheit;;;24826485;;;;;;0x08;TCH;0x;0x02;;01.01.0001;0;;;;;;;;;;;;;;;;;;;;;;;;;;;;;;;;;;;;;;;;;;;;;;;;;;;;;;;;;;;;;;;;;;;;;;;;;;;;;;;;;;;;;;;;;;;;;;;;;;;;;;;;;Heizkostenverteiler;;;;;;67446850856482246A088C00D7900F002C2516AD0300E08783157D60FABD7ACF004007105278C727EABB71844162DE7F857D96BB11A050C7E517BA37B4E73961ACD3F137F0F29BB4E978B42A4C4D40497BCBF3F052FFD63DC56AC63B47BCE6FAEEB778F90F19995D;01-01-0001
100;Unbekannte Route;;;100;unknown estate;;;100;unknown EINGANG;;;100;Unbekannte Nutzeinheit;;;14319967;;;;;;0x08;TCH;0x;0x02;;01.01.0001;0;;;;;;;;;;;;;;;;;;;;;;;;;;;;;;;;;;;;;;;;;;;;;;;;;;;;;;;;;;;;;;;;;;;;;;;;;;;;;;;;;;;;;;;;;;;;;;;;;;;;;;;;;Heizkostenverteiler;;;;;;574468506799311494088C0016900F002C25D55D1400E93DB4CBEC4E6BFD7AD500300710AEAA6F117E96A429CD94D0D8ECDC9E518215417A34298531268A36F2607AA0C5C59ACA0FE46D76285F0A137DA4359A720FE805BC;01-01-0001
100;Unbekannte Route;;;100;unknown estate;;;100;unknown EINGANG;;;100;Unbekannte Nutzeinheit;;;04691101;;;;;;0x08;TCH;0x;0x02;;01.01.0001;0;;;;;;;;;;;;;;;;;;;;;;;;;;;;;;;;;;;;;;;;;;;;;;;;;;;;;;;;;;;;;;;;;;;;;;;;;;;;;;;;;;;;;;;;;;;;;;;;;;;;;;;;;Heizkostenverteiler;;;;;;574468500111690494088C0017900F002C25CD5D1400AA61BFB66CC419A97ACD00300710CE4032FE49F5800E7C718541967589B2EB2AE9F4B1BB2C084CD3DF2D835D628A62412D92735F041A2EE9CB71DC7129700F567664;01-01-0001
100;Unbekannte Route;;;100;unknown estate;;;100;unknown EINGANG;;;100;Unbekannte Nutzeinheit;;;04680753;;;;;;0x08;TCH;0x;0x02;;01.01.0001;0;;;;;;;;;;;;;;;;;;;;;;;;;;;;;;;;;;;;;;;;;;;;;;;;;;;;;;;;;;;;;;;;;;;;;;;;;;;;;;;;;;;;;;;;;;;;;;;;;;;;;;;;;Heizkostenverteiler;;;;;;574468505307680494088C00BE900F002C25435E14006FCD2192FBC0BDDF7A4300300710AED6C8C9E72A1B68B870A1FA3F147C35D7FA0B74B164D462A5FB76F456587ABA0515A3FAEA625E0739A0F18CD99543200F7D2086;01-01-0001
100;Unbekannte Route;;;100;unknown estate;;;100;unknown EINGANG;;;100;Unbekannte Nutzeinheit;;;04567728;;;;;;0x08;TCH;0x;0x02;;01.01.0001;0;;;;;;;;;;;;;;;;;;;;;;;;;;;;;;;;;;;;;;;;;;;;;;;;;;;;;;;;;;;;;;;;;;;;;;;;;;;;;;;;;;;;;;;;;;;;;;;;;;;;;;;;;Heizkostenverteiler;;;;;;574468502877560494088C00DE900F002C25211E14001FA2B3FFE7606B627A2100300710A1A424467830DEC3B1ECCBDF79E98F0BA99E8EE5163C12F583C8C5AEAD745C155EAB0FFBBE75C372F7A436055908A2490FDDF833;01-01-0001
100;Unbekannte Route;;;100;unknown estate;;;100;unknown EINGANG;;;100;Unbekannte Nutzeinheit;;;25826707;;;;;;0x08;TCH;0x;0x02;;01.01.0001;0;;;;;;;;;;;;;;;;;;;;;;;;;;;;;;;;;;;;;;;;;;;;;;;;;;;;;;;;;;;;;;;;;;;;;;;;;;;;;;;;;;;;;;;;;;;;;;;;;;;;;;;;;Heizkostenverteiler;;;;;;67446850076782256A088C0088900F002C25F380010024B40808808B436A7A270040071069F96BF8AD549B3C63A66675AE38273A7C646CD0ABCA36E64D85F6DC41875D71722639DD390F5EDA180BAF47B7104271B5F4ADC5F3F377C459866FA69C33E4B70F0A4509;01-01-0001
100;Unbekannte Route;;;100;unknown estate;;;100;unknown EINGANG;;;100;Unbekannte Nutzeinheit;;;13551742;;;;;;0x02;EMH;0x;0x02;;01.01.0001;0;;;;;;;;;;;;;;;;;;;;;;;;;;;;;;;;;;;;;;;;;;;;;;;;;;;;;;;;;;;;;;;;;;;;;;;;;;;;;;;;;;;;;;;;;;;;;;;;;;;;;;;;;Stromzähler;;;;;;5344A8154217551300028C20B4900F002C25FE7C1A00C5F257E80DEFAE037AB4003007109BAC9978252B0FE50C75A2B84D64A2BDA85632AF0BAF15504A384F3EE0DBA7742C6C18D023C954F2C2DE38EB70338211;01-01-0001
100;Unbekannte Route;;;100;unknown estate;;;100;unknown EINGANG;;;100;Unbekannte Nutzeinheit;;;04723159;;;;;;0x08;TCH;0x;0x02;;01.01.0001;0;;;;;;;;;;;;;;;;;;;;;;;;;;;;;;;;;;;;;;;;;;;;;;;;;;;;;;;;;;;;;;;;;;;;;;;;;;;;;;;;;;;;;;;;;;;;;;;;;;;;;;;;;Heizkostenverteiler;;;;;;634468505931720494088C0020900F002C25B20C1500B39B33EB31B5DFB07AB20040071054DFE204650DF32FDC208F823932F61B0370E2BC94D1B99AFE569CC210D2F4440AC52F7D8E000540819D2AA149DF2D6D9C77CC6AA55CDF49958FAD35838F6E1B;01-01-0001
100;Unbekannte Route;;;100;unknown estate;;;100;unknown EINGANG;;;100;Unbekannte Nutzeinheit;;;04723159;;;;;;0x08;TCH;0x;0x02;;01.01.0001;0;;;;;;;;;;;;;;;;;;;;;;;;;;;;;;;;;;;;;;;;;;;;;;;;;;;;;;;;;;;;;;;;;;;;;;;;;;;;;;;;;;;;;;;;;;;;;;;;;;;;;;;;;Heizkostenverteiler;;;;;;3E4468505931720494088C2020900F002C25B10C15003760AF0952C95F0E7AB100100710C151850F0C27BEA3DF40B107EF5B56740F0F36B489EB770AD4679B;01-01-0001
100;Unbekannte Route;;;100;unknown estate;;;100;unknown EINGANG;;;100;Unbekannte Nutzeinheit;;;14319982;;;;;;0x08;TCH;0x;0x02;;01.01.0001;0;;;;;;;;;;;;;;;;;;;;;;;;;;;;;;;;;;;;;;;;;;;;;;;;;;;;;;;;;;;;;;;;;;;;;;;;;;;;;;;;;;;;;;;;;;;;;;;;;;;;;;;;;Heizkostenverteiler;;;;;;574468508299311494088C00CF900F002C25325E1400173E436A9BEB391C7A44003007104571841B88958B8A0E091B3C4C3D13C6748D60EB95F3F3C65327240C6441DA6D64FCAE9B0F220739B2E6BA6025072FBB0FA46AAF;01-01-0001
100;Unbekannte Route;;;100;unknown estate;;;100;unknown EINGANG;;;100;Unbekannte Nutzeinheit;;;14319996;;;;;;0x08;TCH;0x;0x02;;01.01.0001;0;;;;;;;;;;;;;;;;;;;;;;;;;;;;;;;;;;;;;;;;;;;;;;;;;;;;;;;;;;;;;;;;;;;;;;;;;;;;;;;;;;;;;;;;;;;;;;;;;;;;;;;;;Heizkostenverteiler;;;;;;574468509699311494088C007C900F002C25DD5D140001D9BA805532C1A07AE7003007109B163DB60D4EAE9DB953871553D5EFB9465C4409A2DF89F7BFD76C4D52E7FC2122F00D1AAD625ACF44EB417F335E10030FF06C7B;01-01-0001
100;Unbekannte Route;;;100;unknown estate;;;100;unknown EINGANG;;;100;Unbekannte Nutzeinheit;;;14319911;;;;;;0x08;TCH;0x;0x02;;01.01.0001;0;;;;;;;;;;;;;;;;;;;;;;;;;;;;;;;;;;;;;;;;;;;;;;;;;;;;;;;;;;;;;;;;;;;;;;;;;;;;;;;;;;;;;;;;;;;;;;;;;;;;;;;;;Heizkostenverteiler;;;;;;574468501199311494088C0007900F002C25395D1400D51238BE36FEF99B7A3900300710DE6FDDF34BA9FAFE8F571508E817D8EF7BCAA41113A6B9C6F23A118A0E00BFD1DD573288CE0EF59E5FA919D2E095AE8F0FE9931A;01-01-0001
100;Unbekannte Route;;;100;unknown estate;;;100;unknown EINGANG;;;100;Unbekannte Nutzeinheit;;;25779439;;;;;;0x08;TCH;0x;0x02;;01.01.0001;0;;;;;;;;;;;;;;;;;;;;;;;;;;;;;;;;;;;;;;;;;;;;;;;;;;;;;;;;;;;;;;;;;;;;;;;;;;;;;;;;;;;;;;;;;;;;;;;;;;;;;;;;;Heizkostenverteiler;;;;;;67446850399477256A088C0035900F002C25178101008FDA0CAB456C55DC7A1800400710ED1AC90D383FB6DD84BD1938D8F3536CB4E408A0B8CBF42A2336642DD255036148E1EBAB5246046003EC36CF76BAB5CB087C24CE29F450E0BD077C235D66F8D20FBE7ADA;01-01-0001
100;Unbekannte Route;;;100;unknown estate;;;100;unknown EINGANG;;;100;Unbekannte Nutzeinheit;;;14319993;;;;;;0x08;TCH;0x;0x02;;01.01.0001;0;;;;;;;;;;;;;;;;;;;;;;;;;;;;;;;;;;;;;;;;;;;;;;;;;;;;;;;;;;;;;;;;;;;;;;;;;;;;;;;;;;;;;;;;;;;;;;;;;;;;;;;;;Heizkostenverteiler;;;;;;574468509399311494088C00C7900F002C25285E140082DA5D6D170F94B17A390030071096CEED4243A227E499355BBF26610BF95A1C8542CA59F5016A55783542D88CB5A8A07592D7C8605374B0681E14C510160FA0BA1E;01-01-0001
100;Unbekannte Route;;;100;unknown estate;;;100;unknown EINGANG;;;100;Unbekannte Nutzeinheit;;;04677535;;;;;;0x08;TCH;0x;0x02;;01.01.0001;0;;;;;;;;;;;;;;;;;;;;;;;;;;;;;;;;;;;;;;;;;;;;;;;;;;;;;;;;;;;;;;;;;;;;;;;;;;;;;;;;;;;;;;;;;;;;;;;;;;;;;;;;;Heizkostenverteiler;;;;;;574468503575670494088C00CB900F002C25BA5D1400F58DC157CCD4C2707AC500300710ED783C50CCB7D11F4EDF07630835C6CFC2B9AA1B9AA9E7CE452C88DD5E5FD5D3DCFD55ED6ABA7ADA86F2F707A4AFC24B0F398F25;01-01-0001
100;Unbekannte Route;;;100;unknown estate;;;100;unknown EINGANG;;;100;Unbekannte Nutzeinheit;;;25852256;;;;;;0x08;TCH;0x;0x02;;01.01.0001;0;;;;;;;;;;;;;;;;;;;;;;;;;;;;;;;;;;;;;;;;;;;;;;;;;;;;;;;;;;;;;;;;;;;;;;;;;;;;;;;;;;;;;;;;;;;;;;;;;;;;;;;;;Heizkostenverteiler;;;;;;67446850562285256A088C002A900F002C25248101002DE6220326C8CB0F7A270040071021F6263BC25FDC8AE3C9456A0A51065E08673FFA43C2087D94C045DA774754B1ACA6666E5FA5E571F97A06816DFBE1825E036211DB58C95231FF11C58F0EDA140F1ACC26;01-01-0001
100;Unbekannte Route;;;100;unknown estate;;;100;unknown EINGANG;;;100;Unbekannte Nutzeinheit;;;04691118;;;;;;0x08;TCH;0x;0x02;;01.01.0001;0;;;;;;;;;;;;;;;;;;;;;;;;;;;;;;;;;;;;;;;;;;;;;;;;;;;;;;;;;;;;;;;;;;;;;;;;;;;;;;;;;;;;;;;;;;;;;;;;;;;;;;;;;Heizkostenverteiler;;;;;;574468501811690494088C00A8900F002C25F15D1400119F1018C119BA8E7AF1003007108DEDE039A25C8CDB73134D625F4A5B3AD25B390856E61393C0F3CDB4F235971F3466EF5FB05F5B9B22371C1B5EBA1AEB0F51484B;01-01-0001
100;Unbekannte Route;;;100;unknown estate;;;100;unknown EINGANG;;;100;Unbekannte Nutzeinheit;;;14232372;;;;;;0x08;TCH;0x;0x02;;01.01.0001;0;;;;;;;;;;;;;;;;;;;;;;;;;;;;;;;;;;;;;;;;;;;;;;;;;;;;;;;;;;;;;;;;;;;;;;;;;;;;;;;;;;;;;;;;;;;;;;;;;;;;;;;;;Heizkostenverteiler;;;;;;574468507223231494088C00BE900F002C25115E1400CD6AF8C01010F1FF7A110030071034FF1892A378F00C3E82EDA6BB7A6D4EBDF7ED959A716DE704BD3B0C103F4B461C0A0DCDF4A7B14201500453128439090FC2ED91;01-01-0001
100;Unbekannte Route;;;100;unknown estate;;;100;unknown EINGANG;;;100;Unbekannte Nutzeinheit;;;14828157;;;;;;0x08;TCH;0x;0x02;;01.01.0001;0;;;;;;;;;;;;;;;;;;;;;;;;;;;;;;;;;;;;;;;;;;;;;;;;;;;;;;;;;;;;;;;;;;;;;;;;;;;;;;;;;;;;;;;;;;;;;;;;;;;;;;;;;Heizkostenverteiler;;;;;;634468505781821494088C008B900F002C258765160066C3E4D3351778337A87004007101439B81C33EC48525AB1BD0044BC6509ADBB04873A1E4C91F7AEEDFE5CF6FECE7BFFEE303FF3E7E0D9310E3FE2BC7419AA215A7460FCBC592CFAD04784D7343B;01-01-0001
100;Unbekannte Route;;;100;unknown estate;;;100;unknown EINGANG;;;100;Unbekannte Nutzeinheit;;;03993731;;;;;;0x1a;EIE_C1 EI;0x;0x02;;01.01.0001;0;;;;;;;;;;;;;;;;;;;;;;;;;;;;;;;;;;;;;;;;;;;;;;;;;;;;;;;;;;;;;;;;;;;;;;;;;;;;;;;;;;;;;;;;;;;;;;;;;;;;;;;;;Andere;;;;;;5E442515313799030C1A7A25005025792BD80551B5FDF8E3BCC58033F73A4157EB18B9F286418C377B667294049AC1F14FBFEB4C1839D29168AB23CD65A690F7612BDA7719774CFC9BBCE527960B61F9E2C9FA2C2D0730ED21E5A9A4E0D199;01-01-0001
100;Unbekannte Route;;;100;unknown estate;;;100;unknown EINGANG;;;100;Unbekannte Nutzeinheit;;;04567737;;;;;;0x08;TCH;0x;0x02;;01.01.0001;0;;;;;;;;;;;;;;;;;;;;;;;;;;;;;;;;;;;;;;;;;;;;;;;;;;;;;;;;;;;;;;;;;;;;;;;;;;;;;;;;;;;;;;;;;;;;;;;;;;;;;;;;;Heizkostenverteiler;;;;;;574468503777560494088C003E900F002C25C31E14008CC368EFAD961B6E7AC300300710AB933EFEE144CA62A67029D0FBF00083D12DFC692E3647D5C17F4F0B6B00A863D097745C2687D20B4666BEA4169EC73F0FA807B2;01-01-0001
100;Unbekannte Route;;;100;unknown estate;;;100;unknown EINGANG;;;100;Unbekannte Nutzeinheit;;;24826536;;;;;;0x08;TCH;0x;0x02;;01.01.0001;0;;;;;;;;;;;;;;;;;;;;;;;;;;;;;;;;;;;;;;;;;;;;;;;;;;;;;;;;;;;;;;;;;;;;;;;;;;;;;;;;;;;;;;;;;;;;;;;;;;;;;;;;;Heizkostenverteiler;;;;;;67446850366582246A088C00D4900F002C2575AD0300CCEEBAC8F31E5BEF7A6C00400710C2837D7BE60FDC575A0EFCCE234B819A40CF644F5AA47AC7C932A1B3FBA547ECCC88F3F68DEECA3F416CD2F9480659488BD7DFBCA5BF9A6561C7E2043F0814AA0FCDA302;01-01-0001
100;Unbekannte Route;;;100;unknown estate;;;100;unknown EINGANG;;;100;Unbekannte Nutzeinheit;;;04724008;;;;;;0x08;TCH;0x;0x02;;01.01.0001;0;;;;;;;;;;;;;;;;;;;;;;;;;;;;;;;;;;;;;;;;;;;;;;;;;;;;;;;;;;;;;;;;;;;;;;;;;;;;;;;;;;;;;;;;;;;;;;;;;;;;;;;;;Heizkostenverteiler;;;;;;574468500840720494088C0064900F002C2524EC13009E85A0BEE62C8BB37A24003007105E9796899B94F4369B7890E1D8A44290705558B9EC5576A102393317C8C0849940A21EAB5D0E797775E5369CA10EFB550FA1186B;01-01-0001
100;Unbekannte Route;;;100;unknown estate;;;100;unknown EINGANG;;;100;Unbekannte Nutzeinheit;;;10382846;;;;;;0x08;TCH;0x;0x02;;01.01.0001;0;;;;;;;;;;;;;;;;;;;;;;;;;;;;;;;;;;;;;;;;;;;;;;;;;;;;;;;;;;;;;;;;;;;;;;;;;;;;;;;;;;;;;;;;;;;;;;;;;;;;;;;;;Heizkostenverteiler;;;;;;294468504628381094087A2688102541BD59512692657EF4AC0D9C063F60E40F0F564C92DDCB1ABE7FD1;01-01-0001
100;Unbekannte Route;;;100;unknown estate;;;100;unknown EINGANG;;;100;Unbekannte Nutzeinheit;;;14205636;;;;;;0x08;TCH;0x;0x02;;01.01.0001;0;;;;;;;;;;;;;;;;;;;;;;;;;;;;;;;;;;;;;;;;;;;;;;;;;;;;;;;;;;;;;;;;;;;;;;;;;;;;;;;;;;;;;;;;;;;;;;;;;;;;;;;;;Heizkostenverteiler;;;;;;574468503656201494088C0051900F002C25CA5D14005D9AD783F58855197ACA00300710D3F9F64A07CFEE4B20B2733C63FBE7D5C0D7591F00C2D26D62183D4E48433CE6B01E75E5A0E34403567ED565312638B50F6D39C8;01-01-0001
100;Unbekannte Route;;;100;unknown estate;;;100;unknown EINGANG;;;100;Unbekannte Nutzeinheit;;;14440019;;;;;;0x08;TCH;0x;0x02;;01.01.0001;0;;;;;;;;;;;;;;;;;;;;;;;;;;;;;;;;;;;;;;;;;;;;;;;;;;;;;;;;;;;;;;;;;;;;;;;;;;;;;;;;;;;;;;;;;;;;;;;;;;;;;;;;;Heizkostenverteiler;;;;;;574468501900441494088C0064900F002C259BB10E001ACDF111626BB06D7A9B003007106D535E3B89ABD4CBA02FC0C5472F79B593D24FC4E28BC2D90772301BDD4E053CB1D9B55DFCBDE5289B6E7E296D4989210FF20D79;01-01-0001
100;Unbekannte Route;;;100;unknown estate;;;100;unknown EINGANG;;;100;Unbekannte Nutzeinheit;;;14205637;;;;;;0x08;TCH;0x;0x02;;01.01.0001;0;;;;;;;;;;;;;;;;;;;;;;;;;;;;;;;;;;;;;;;;;;;;;;;;;;;;;;;;;;;;;;;;;;;;;;;;;;;;;;;;;;;;;;;;;;;;;;;;;;;;;;;;;Heizkostenverteiler;;;;;;574468503756201494088C00DD900F002C25115E1400D97B798BA23B671F7A1B88300710B147E377BAD17C95D6D484F878A860F80D5BFA9ECD4643D14EBAC1550D213F406D46D5700BB57D986647AF502480DBD80FD804CD;01-01-0001
100;Unbekannte Route;;;100;unknown estate;;;100;unknown EINGANG;;;100;Unbekannte Nutzeinheit;;;21590780;;;;;;0x08;TCH;0x;0x02;;01.01.0001;0;;;;;;;;;;;;;;;;;;;;;;;;;;;;;;;;;;;;;;;;;;;;;;;;;;;;;;;;;;;;;;;;;;;;;;;;;;;;;;;;;;;;;;;;;;;;;;;;;;;;;;;;;Heizkostenverteiler;;;;;;67446850800759216A088C0085900F002C2505240300205F025928D46F307A350040071038B1FDCE4B503CD0121E868A81B81E4E4F517C4D54491D8FE9416BEDB3852FA0BD01290D56FD6406B433DAB1145F4E8D1CAFE4398B1004525E230B227317B0A30F81DB6C;01-01-0001
100;Unbekannte Route;;;100;unknown estate;;;100;unknown EINGANG;;;100;Unbekannte Nutzeinheit;;;25825581;;;;;;0x08;TCH;0x;0x02;;01.01.0001;0;;;;;;;;;;;;;;;;;;;;;;;;;;;;;;;;;;;;;;;;;;;;;;;;;;;;;;;;;;;;;;;;;;;;;;;;;;;;;;;;;;;;;;;;;;;;;;;;;;;;;;;;;Heizkostenverteiler;;;;;;67446850815582256A088C0000900F002C255A7F00000C65D2E484C5701F7A31004007108A07A17F830AB58650F69C18239482636474C9664C1035DA51404B14CCB4406C44B4EE66016EEB3FA861B94BDBDC8A5ED50E434333F2D0CE92328C17A872E3C30FB8E716;01-01-0001
100;Unbekannte Route;;;100;unknown estate;;;100;unknown EINGANG;;;100;Unbekannte Nutzeinheit;;;10665713;;;;;;0x08;TCH;0x;0x02;;01.01.0001;0;;;;;;;;;;;;;;;;;;;;;;;;;;;;;;;;;;;;;;;;;;;;;;;;;;;;;;;;;;;;;;;;;;;;;;;;;;;;;;;;;;;;;;;;;;;;;;;;;;;;;;;;;Heizkostenverteiler;;;;;;294468501357661094087A6400102522566498B23EE6D927AA3977F3F776610F0FC9BCFB8A5A02670971;01-01-0001
100;Unbekannte Route;;;100;unknown estate;;;100;unknown EINGANG;;;100;Unbekannte Nutzeinheit;;;50893192;;;;;;0x07;EFE_FAW;0x;0x02;;01.01.0001;0;;;;;;;;;;;;;;;;;;;;;;;;;;;;;;;;;;;;;;;;;;;;;;;;;;;;;;;;;;;;;;;;;;;;;;;;;;;;;;;;;;;;;;;;;;;;;;;;;;;;;;;;;Kaltwasserzähler;;;;;;A144C5149231895070078C20B27AB1009025ED5EAAF38E65FD3688FC99D7A8B35F5DF632229915E635262E61833E8B5A171F7258187666F5F5432E7EE47923186AE0BA82E879123ED0777312BD9E03E69C2B9FD725F6F0F843375FE811B4E5272280DABEF782669A693AB89D987C3E72DFD45605D8B2B48A4EAC3D69CF30F04C620D4A6669496E0F6A4FA9700943D9B027970F9A1F2C5898E53D692E65F6F8C98277;01-01-0001
100;Unbekannte Route;;;100;unknown estate;;;100;unknown EINGANG;;;100;Unbekannte Nutzeinheit;;;13551761;;;;;;0x02;EMH;0x;0x02;;01.01.0001;0;;;;;;;;;;;;;;;;;;;;;;;;;;;;;;;;;;;;;;;;;;;;;;;;;;;;;;;;;;;;;;;;;;;;;;;;;;;;;;;;;;;;;;;;;;;;;;;;;;;;;;;;;Stromzähler;;;;;;5344A8156117551300028C20F2900F002C25257D1A0002AC4EEBFE5D923C7AF20030071021333F4C6021287EC61AEBB5EBDA4970B73AA16C23096F4C8851218AABB71B301892ADFA83D5FB566BFADE390A2CE00A;01-01-0001
100;Unbekannte Route;;;100;unknown estate;;;100;unknown EINGANG;;;100;Unbekannte Nutzeinheit;;;11481246;;;;;;0x1a;HAG_C1;0x;0x02;;01.01.0001;0;;;;;;;;;;;;;;;;;;;;;;;;;;;;;;;;;;;;;;;;;;;;;;;;;;;;;;;;;;;;;;;;;;;;;;;;;;;;;;;;;;;;;;;;;;;;;;;;;;;;;;;;;Andere;;;;;;7B44272046124811851A7AC6006005180C3A15824639863128EB41DADA46C4AD5B4DCC6D0D7399BB12CEC0F62E1777B9DE1342DEB0A94F166CF489516DCAF9E51612D9473DF162BA1E419054DBABAE8435AC09DEFF638F4BC3A9E09A7FC547BC014DC24D0FAC3B1ABC9CB0A53C31870FFB4F0F93A27D9FBC457EE117;01-01-0001
100;Unbekannte Route;;;100;unknown estate;;;100;unknown EINGANG;;;100;Unbekannte Nutzeinheit;;;14232364;;;;;;0x08;TCH;0x;0x02;;01.01.0001;0;;;;;;;;;;;;;;;;;;;;;;;;;;;;;;;;;;;;;;;;;;;;;;;;;;;;;;;;;;;;;;;;;;;;;;;;;;;;;;;;;;;;;;;;;;;;;;;;;;;;;;;;;Heizkostenverteiler;;;;;;574468506423231494088C002A900F002C251D5E14005DA9A41CBC0D07FD7A1D0030071002942A6A4F665E74105E4AD16620A3FA508169BDB8D48988B59005E5235F5D384647C0507925CCC34BA6E6D6B54919C10F5809FC;01-01-0001
100;Unbekannte Route;;;100;unknown estate;;;100;unknown EINGANG;;;100;Unbekannte Nutzeinheit;;;04545880;;;;;;0x08;TCH;0x;0x02;;01.01.0001;0;;;;;;;;;;;;;;;;;;;;;;;;;;;;;;;;;;;;;;;;;;;;;;;;;;;;;;;;;;;;;;;;;;;;;;;;;;;;;;;;;;;;;;;;;;;;;;;;;;;;;;;;;Heizkostenverteiler;;;;;;574468508058540494088C002A900F002C256B1E1400E44ED6C973E95DA27A6B00300710AE86A9E346332C8DF3C8D57D359980C536A36ECEFFBCA977491BA1F29F2F2898F3F8DCF10F03599AF8598D5A9F4EC8E50F2145F5;01-01-0001
100;Unbekannte Route;;;100;unknown estate;;;100;unknown EINGANG;;;100;Unbekannte Nutzeinheit;;;20068661;;;;;;0x08;ITW;0x;0x02;;01.01.0001;0;;;;;;;;;;;;;;;;;;;;;;;;;;;;;;;;;;;;;;;;;;;;;;;;;;;;;;;;;;;;;;;;;;;;;;;;;;;;;;;;;;;;;;;;;;;;;;;;;;;;;;;;;Heizkostenverteiler;;;;;;2E4497266186062000087A8A0020A562B7967BDF074EE5B1692130A83DA04401719B5A36A8CCED48ACE3C52AED2E9E;01-01-0001
100;Unbekannte Route;;;100;unknown estate;;;100;unknown EINGANG;;;100;Unbekannte Nutzeinheit;;;20069723;;;;;;0x08;ITW;0x;0x02;;01.01.0001;0;;;;;;;;;;;;;;;;;;;;;;;;;;;;;;;;;;;;;;;;;;;;;;;;;;;;;;;;;;;;;;;;;;;;;;;;;;;;;;;;;;;;;;;;;;;;;;;;;;;;;;;;;Heizkostenverteiler;;;;;;2E4497262397062000087A610020A5585805EF921581DF05E2BA20BFD23128A2315064835F5B764CAB003DD859EDC2;01-01-0001
100;Unbekannte Route;;;100;unknown estate;;;100;unknown EINGANG;;;100;Unbekannte Nutzeinheit;;;20068636;;;;;;0x08;ITW;0x;0x02;;01.01.0001;0;;;;;;;;;;;;;;;;;;;;;;;;;;;;;;;;;;;;;;;;;;;;;;;;;;;;;;;;;;;;;;;;;;;;;;;;;;;;;;;;;;;;;;;;;;;;;;;;;;;;;;;;;Heizkostenverteiler;;;;;;2E4497263686062000087AD00020A525CEAE7BCF117549076D4B72B892A183FCD752FE4B1857EFE87EB1451FB72EA2;01-01-0001
100;Unbekannte Route;;;100;unknown estate;;;100;unknown EINGANG;;;100;Unbekannte Nutzeinheit;;;14319980;;;;;;0x08;TCH;0x;0x02;;01.01.0001;0;;;;;;;;;;;;;;;;;;;;;;;;;;;;;;;;;;;;;;;;;;;;;;;;;;;;;;;;;;;;;;;;;;;;;;;;;;;;;;;;;;;;;;;;;;;;;;;;;;;;;;;;;Heizkostenverteiler;;;;;;574468508099311494088C0095900F002C251B5E1400CFA8FB8CA2B7883D7A26003007104795C1BF0A1B7F4BC0C7D37266BE2E9D292243F6A54F624E648775D71FA327E54FAACBB3A7CFB2915FF70B23C37CC1530F4F89BE;01-01-0001
100;Unbekannte Route;;;100;unknown estate;;;100;unknown EINGANG;;;100;Unbekannte Nutzeinheit;;;21463035;;;;;;0x08;TCH;0x;0x02;;01.01.0001;0;;;;;;;;;;;;;;;;;;;;;;;;;;;;;;;;;;;;;;;;;;;;;;;;;;;;;;;;;;;;;;;;;;;;;;;;;;;;;;;;;;;;;;;;;;;;;;;;;;;;;;;;;Heizkostenverteiler;;;;;;67446850353046216A088C009B900F002C25C9F20D001E985C94A065ADF47A60004007107C61BD755BC4D6128BF1A58D58D4E94F35198421FD5C73F4D9C40EBE343532764573190FF00A122D397B079F0567461C9EB7438AD945362E64DE562A0CF8038F0FD9DAC0;01-01-0001
100;Unbekannte Route;;;100;unknown estate;;;100;unknown EINGANG;;;100;Unbekannte Nutzeinheit;;;13551739;;;;;;0x02;EMH;0x;0x02;;01.01.0001;0;;;;;;;;;;;;;;;;;;;;;;;;;;;;;;;;;;;;;;;;;;;;;;;;;;;;;;;;;;;;;;;;;;;;;;;;;;;;;;;;;;;;;;;;;;;;;;;;;;;;;;;;;Stromzähler;;;;;;5344A8153917551300028C20A7900F002C25067D1A00B7F320BCB1DC301C7AA700300710077135D1DAD71B297C1F8A05B2AD444362C27D9A89E01211C63939947A2DF9CD4C5433A709C5D61F459512141CE907F9;01-01-0001
100;Unbekannte Route;;;100;unknown estate;;;100;unknown EINGANG;;;100;Unbekannte Nutzeinheit;;;04567730;;;;;;0x08;TCH;0x;0x02;;01.01.0001;0;;;;;;;;;;;;;;;;;;;;;;;;;;;;;;;;;;;;;;;;;;;;;;;;;;;;;;;;;;;;;;;;;;;;;;;;;;;;;;;;;;;;;;;;;;;;;;;;;;;;;;;;;Heizkostenverteiler;;;;;;574468503077560494088C00A2900F002C25491E140061FB0E96D22CCC507A490030071060846D66F4B11E2BBF65F87FF21D12C6F1F6CC85D9006FB4826D3EF2D1E5AF184C348362EBDE2791A81740DC1663AF0D0F7FC58A;01-01-0001
100;Unbekannte Route;;;100;unknown estate;;;100;unknown EINGANG;;;100;Unbekannte Nutzeinheit;;;13551757;;;;;;0x02;EMH;0x;0x02;;01.01.0001;0;;;;;;;;;;;;;;;;;;;;;;;;;;;;;;;;;;;;;;;;;;;;;;;;;;;;;;;;;;;;;;;;;;;;;;;;;;;;;;;;;;;;;;;;;;;;;;;;;;;;;;;;;Stromzähler;;;;;;5344A8155717551300028C20F2900F002C25257D1A00DC51A316EAC7A70D7AF2003007101287F6222E8D5AD49EC985BCC1BCF20C4449AFD534DC9B22A9A0F392483D52822A4048017610349E54F04A6E3EC885BC;01-01-0001
100;Unbekannte Route;;;100;unknown estate;;;100;unknown EINGANG;;;100;Unbekannte Nutzeinheit;;;05529172;;;;;;0x08;TCH;0x;0x02;;01.01.0001;0;;;;;;;;;;;;;;;;;;;;;;;;;;;;;;;;;;;;;;;;;;;;;;;;;;;;;;;;;;;;;;;;;;;;;;;;;;;;;;;;;;;;;;;;;;;;;;;;;;;;;;;;;Heizkostenverteiler;;;;;;574468507291520594088C007A900F002C25AA8C0F006721586CB20908047AAA003007105BEA1AE58F619E2FC1B71A9A7AF753E9C9159DF6B395E46F242CB1CBD2F3C90F1471B8880A30962D05234F747B8283020FB93434;01-01-0001
100;Unbekannte Route;;;100;unknown estate;;;100;unknown EINGANG;;;100;Unbekannte Nutzeinheit;;;14363983;;;;;;0x08;TCH;0x;0x02;;01.01.0001;0;;;;;;;;;;;;;;;;;;;;;;;;;;;;;;;;;;;;;;;;;;;;;;;;;;;;;;;;;;;;;;;;;;;;;;;;;;;;;;;;;;;;;;;;;;;;;;;;;;;;;;;;;Heizkostenverteiler;;;;;;574468508339361494088C0002900F002C250ED111002ED122CAE7F6DA877A0E003007108862ECC5CCAD8A2D97C05ACFE1EA47F02BE5B492A48427B54CDB3CCA4FF436D534C768132C8300F8028B4BAEEFCD71BF0F18B1EC;01-01-0001
100;Unbekannte Route;;;100;unknown estate;;;100;unknown EINGANG;;;100;Unbekannte Nutzeinheit;;;10665721;;;;;;0x08;TCH;0x;0x02;;01.01.0001;0;;;;;;;;;;;;;;;;;;;;;;;;;;;;;;;;;;;;;;;;;;;;;;;;;;;;;;;;;;;;;;;;;;;;;;;;;;;;;;;;;;;;;;;;;;;;;;;;;;;;;;;;;Heizkostenverteiler;;;;;;294468502157661094087AF3001025020303977D4097DCD7C82DD4C8BA15D20F0FED38DF310EEB12C115;01-01-0001
100;Unbekannte Route;;;100;unknown estate;;;100;unknown EINGANG;;;100;Unbekannte Nutzeinheit;;;21076065;;;;;;0x08;ITW;0x;0x02;;01.01.0001;0;;;;;;;;;;;;;;;;;;;;;;;;;;;;;;;;;;;;;;;;;;;;;;;;;;;;;;;;;;;;;;;;;;;;;;;;;;;;;;;;;;;;;;;;;;;;;;;;;;;;;;;;;Heizkostenverteiler;;;;;;2E4497266560072100087AE30020A5A225C6040A44BC25676B8105763E9C9F7477C64FB1DDE9A9D67A58E60809E05E;01-01-0001
100;Unbekannte Route;;;100;unknown estate;;;100;unknown EINGANG;;;100;Unbekannte Nutzeinheit;;;03195966;;;;;;0x08;MWU;0x;0x02;;01.01.0001;0;;;;;;;;;;;;;;;;;;;;;;;;;;;;;;;;;;;;;;;;;;;;;;;;;;;;;;;;;;;;;;;;;;;;;;;;;;;;;;;;;;;;;;;;;;;;;;;;;;;;;;;;;Heizkostenverteiler;;;;;;5344F5366659190312088C2058900F002C25570300008FF9231160DD45BF7A5800200710C0A1A12D0CA42CD9A29A1FEF1E1CE1E1D84B2FC6936820598BA9AAFA0D6946990F800C00010900DA8B3F0014011F080A;01-01-0001
100;Unbekannte Route;;;100;unknown estate;;;100;unknown EINGANG;;;100;Unbekannte Nutzeinheit;;;20068645;;;;;;0x08;ITW;0x;0x02;;01.01.0001;0;;;;;;;;;;;;;;;;;;;;;;;;;;;;;;;;;;;;;;;;;;;;;;;;;;;;;;;;;;;;;;;;;;;;;;;;;;;;;;;;;;;;;;;;;;;;;;;;;;;;;;;;;Heizkostenverteiler;;;;;;2E4497264586062000087AD30020A5694248A0255DD28509347AF50151ED16727621C824598000C3604A9B50429478;01-01-0001
100;Unbekannte Route;;;100;unknown estate;;;100;unknown EINGANG;;;100;Unbekannte Nutzeinheit;;;03780920;;;;;;0x08;TCH;0x;0x02;;01.01.0001;0;;;;;;;;;;;;;;;;;;;;;;;;;;;;;;;;;;;;;;;;;;;;;;;;;;;;;;;;;;;;;;;;;;;;;;;;;;;;;;;;;;;;;;;;;;;;;;;;;;;;;;;;;Heizkostenverteiler;;;;;;574468502009780394088C0032900F002C252B441700FAEECA83B199CB087A2B003007109DA4734C12D32064772B238CCD602B20531FC79964BE03C2F4C02FD4E2AD5F1B0F04F259C8633D11855DE9C82D58294B0F6229E9;01-01-0001
100;Unbekannte Route;;;100;unknown estate;;;100;unknown EINGANG;;;100;Unbekannte Nutzeinheit;;;03195942;;;;;;0x08;MWU;0x;0x02;;01.01.0001;0;;;;;;;;;;;;;;;;;;;;;;;;;;;;;;;;;;;;;;;;;;;;;;;;;;;;;;;;;;;;;;;;;;;;;;;;;;;;;;;;;;;;;;;;;;;;;;;;;;;;;;;;;Heizkostenverteiler;;;;;;5344F5364259190312088C205A900F002C25590300009A5CB8C3F6E01B4A7A5A0020071001594F233592A59DE6B3AC7252114E18E8C6C7434ABAC715852A03FFC0E8AB570F800C00010900DA8B3F0014011F080A;01-01-0001
100;Unbekannte Route;;;100;unknown estate;;;100;unknown EINGANG;;;100;Unbekannte Nutzeinheit;;;23166359;;;;;;0x08;TCH;0x;0x02;;01.01.0001;0;;;;;;;;;;;;;;;;;;;;;;;;;;;;;;;;;;;;;;;;;;;;;;;;;;;;;;;;;;;;;;;;;;;;;;;;;;;;;;;;;;;;;;;;;;;;;;;;;;;;;;;;;Heizkostenverteiler;;;;;;67446850596316236A088C0043900F002C2551AE0700DC5776156F90BE727ADD0040071086B3ED8689813F381199C85D6EE5022F9E2767A714E488281B49765C274CF56814CEB20CC6B811B78CC8B41ED50E43998F9005D7F1DC4F42350F462649D15E4A0F404332;01-01-0001
100;Unbekannte Route;;;100;unknown estate;;;100;unknown EINGANG;;;100;Unbekannte Nutzeinheit;;;20069722;;;;;;0x08;ITW;0x;0x02;;01.01.0001;0;;;;;;;;;;;;;;;;;;;;;;;;;;;;;;;;;;;;;;;;;;;;;;;;;;;;;;;;;;;;;;;;;;;;;;;;;;;;;;;;;;;;;;;;;;;;;;;;;;;;;;;;;Heizkostenverteiler;;;;;;2E4497262297062000087A540020A5FA848E0360D8E72231FB792AFEC76A7BD87939156BFE4A83B06B540CFE196545;01-01-0001
100;Unbekannte Route;;;100;unknown estate;;;100;unknown EINGANG;;;100;Unbekannte Nutzeinheit;;;20068662;;;;;;0x08;ITW;0x;0x02;;01.01.0001;0;;;;;;;;;;;;;;;;;;;;;;;;;;;;;;;;;;;;;;;;;;;;;;;;;;;;;;;;;;;;;;;;;;;;;;;;;;;;;;;;;;;;;;;;;;;;;;;;;;;;;;;;;Heizkostenverteiler;;;;;;2E4497266286062000087A9F0020A58EBC8F8149CF298001ADE1686A1106C9CB5642ECC031685F7A9095C88EC0E923;01-01-0001
100;Unbekannte Route;;;100;unknown estate;;;100;unknown EINGANG;;;100;Unbekannte Nutzeinheit;;;20068629;;;;;;0x08;ITW;0x;0x02;;01.01.0001;0;;;;;;;;;;;;;;;;;;;;;;;;;;;;;;;;;;;;;;;;;;;;;;;;;;;;;;;;;;;;;;;;;;;;;;;;;;;;;;;;;;;;;;;;;;;;;;;;;;;;;;;;;Heizkostenverteiler;;;;;;2E4497262986062000087A010020A506285146F4EBBB961E9E90BAE432181A81DFE10F4BB948F19A6D30347B630B4E;01-01-0001
100;Unbekannte Route;;;100;unknown estate;;;100;unknown EINGANG;;;100;Unbekannte Nutzeinheit;;;10382851;;;;;;0x08;TCH;0x;0x02;;01.01.0001;0;;;;;;;;;;;;;;;;;;;;;;;;;;;;;;;;;;;;;;;;;;;;;;;;;;;;;;;;;;;;;;;;;;;;;;;;;;;;;;;;;;;;;;;;;;;;;;;;;;;;;;;;;Heizkostenverteiler;;;;;;294468505128381094087AD00010255FBCF742FD68BC62565808A1EB4AD6310F0F9D3014EAF076675024;01-01-0001
100;Unbekannte Route;;;100;unknown estate;;;100;unknown EINGANG;;;100;Unbekannte Nutzeinheit;;;03195692;;;;;;0x08;MWU;0x;0x02;;01.01.0001;0;;;;;;;;;;;;;;;;;;;;;;;;;;;;;;;;;;;;;;;;;;;;;;;;;;;;;;;;;;;;;;;;;;;;;;;;;;;;;;;;;;;;;;;;;;;;;;;;;;;;;;;;;Heizkostenverteiler;;;;;;5344F5369256190312088C2067900F002C256603000097279CE1D27266E17A670020071056FB2F0A124BD91ADF7422A2E142B66704BC11B65C1375AA8BE2E2ABFA72F33D0F800C00010900DA8B3F0014011F080A;01-01-0001
100;Unbekannte Route;;;100;unknown estate;;;100;unknown EINGANG;;;100;Unbekannte Nutzeinheit;;;20069736;;;;;;0x08;ITW;0x;0x02;;01.01.0001;0;;;;;;;;;;;;;;;;;;;;;;;;;;;;;;;;;;;;;;;;;;;;;;;;;;;;;;;;;;;;;;;;;;;;;;;;;;;;;;;;;;;;;;;;;;;;;;;;;;;;;;;;;Heizkostenverteiler;;;;;;2E4497263697062000087AA10020A50EE78B053C628D2D36D7EB26F4E474A3705D7930BCD4409C7AA56028413189BB;01-01-0001
100;Unbekannte Route;;;100;unknown estate;;;100;unknown EINGANG;;;100;Unbekannte Nutzeinheit;;;01119683;;;;;;0x08;TCH;0x;0x02;;01.01.0001;0;;;;;;;;;;;;;;;;;;;;;;;;;;;;;;;;;;;;;;;;;;;;;;;;;;;;;;;;;;;;;;;;;;;;;;;;;;;;;;;;;;;;;;;;;;;;;;;;;;;;;;;;;Heizkostenverteiler;;;;;;294468508396110194087A8C001025E4FED031ED776ADB190A28ADC2BB7B030F0F4287C9AA87C8742F38;01-01-0001
100;Unbekannte Route;;;100;unknown estate;;;100;unknown EINGANG;;;100;Unbekannte Nutzeinheit;;;10743821;;;;;;0x08;TCH;0x;0x02;;01.01.0001;0;;;;;;;;;;;;;;;;;;;;;;;;;;;;;;;;;;;;;;;;;;;;;;;;;;;;;;;;;;;;;;;;;;;;;;;;;;;;;;;;;;;;;;;;;;;;;;;;;;;;;;;;;Heizkostenverteiler;;;;;;3E446850213874106A088C20AD900F002C2552860000C2BF7CFBC23AEA387AF70010071036722F61C9AD0195F250E89F24730FCE0F0F2C04449F253A97BEF6;01-01-0001
100;Unbekannte Route;;;100;unknown estate;;;100;unknown EINGANG;;;100;Unbekannte Nutzeinheit;;;23505714;;;;;;0x08;TCH;0x;0x02;;01.01.0001;0;;;;;;;;;;;;;;;;;;;;;;;;;;;;;;;;;;;;;;;;;;;;;;;;;;;;;;;;;;;;;;;;;;;;;;;;;;;;;;;;;;;;;;;;;;;;;;;;;;;;;;;;;Heizkostenverteiler;;;;;;67446850145750236A088C001E900F002C25523F08002951748CA8D6301D7AAB0040071026236DBADD2E890AA97B3AE6701B97EA1DC14FCD16AAF267A1993E9AEC25EE70CE2E085A2DAEE1C07C59495D83444549451E58CAFE8C58FF4DB207DBBFD157760F42FC13;01-01-0001
100;Unbekannte Route;;;100;unknown estate;;;100;unknown EINGANG;;;100;Unbekannte Nutzeinheit;;;20068660;;;;;;0x08;ITW;0x;0x02;;01.01.0001;0;;;;;;;;;;;;;;;;;;;;;;;;;;;;;;;;;;;;;;;;;;;;;;;;;;;;;;;;;;;;;;;;;;;;;;;;;;;;;;;;;;;;;;;;;;;;;;;;;;;;;;;;;Heizkostenverteiler;;;;;;2E4497266086062000087A830020A5D8F775EE45FB4E3979349F7B982613350B1770113DCD7EA0E51AB6BF6561FC1E;01-01-0001
100;Unbekannte Route;;;100;unknown estate;;;100;unknown EINGANG;;;100;Unbekannte Nutzeinheit;;;14319991;;;;;;0x08;TCH;0x;0x02;;01.01.0001;0;;;;;;;;;;;;;;;;;;;;;;;;;;;;;;;;;;;;;;;;;;;;;;;;;;;;;;;;;;;;;;;;;;;;;;;;;;;;;;;;;;;;;;;;;;;;;;;;;;;;;;;;;Heizkostenverteiler;;;;;;574468509199311494088C0015900F002C25845D1400E227B9E828E2AFB87A9D00300710D4E17844288F7FE1831631825F82D623618B6D1418E0E0D515F6F720B8DD219D0ABD3C894A6357229F21DBB9B34BAEAF0FBB7075;01-01-0001